年,季,公司代號,公司名稱,現金及約當現金,存放央行及拆借金融同業,透過損益按公允價值衡量之金融資產,備供出售金融資產－淨額,避險之衍生金融資產,附賣回票券及債券投資,應收款項－淨額,當期所得稅資產,待出售資產－淨額,貼現及放款－淨額,再保險合約資產－淨額,持有至到期日金融資產－淨額,採用權益法之投資－淨額,受限制資產－淨額,其他金融資產－淨額,投資性不動產－淨額,不動產及設備－淨額,無形資產－淨額,遞延所得稅資產,其他資產－淨額,資產總額,央行及金融同業存款,央行及同業融資,透過損益按公允價值衡量之金融負債,避險之衍生金融負債,附買回票券及債券負債,應付商業本票－淨額,應付款項,當期所得稅負債,與待出售資產直接相關之負債,存款及匯款,應付債券,其他借款,特別股負債,負債準備,其他金融負債,遞延所得稅負債,其他負債,負債總額,股本,資本公積,保留盈餘,其他權益,庫藏股票,共同控制下前手權益,歸屬於母公司業主之權益,非控制權益,權益總額,預收股款（權益項下）之約當發行股數（單位：股）,母公司暨子公司所持有之母公司庫藏股股數（單位：股）,每股參考淨值,Unnamed: 53,待註銷股本股數（單位：股）,Unnamed: 54
2013,01,2880,華南金,34819261.0,130150038.0,40847813.0,78468570.0,--,433085.0,41787507.0,1960059.0,--,1365567161.00,2783170.00,300327126.00,79975.00,--,37985706.0,6672544.0,32297210.0,405811.0,1819034.0,4140717.0,2080544787.0,121420404.00,--,21573963.0,97303.00,30116197.0,3325651.00,38576137.0,1723801.0,--,1644579614.00,53240415.00,1151935.00,--,15955948.0,7123278.0,6099365.0,2966307.0,1947950318.0,86250301.0,17758993.0,30551000.0,-1967263.0,--,--,132593031.0,1438.00,132594469.0,0.0,0.0,15.37,,,
2013,01,2881,富邦金,142046897.0,100053898.0,109807568.0,1509681560.0,700966.00,64069268.0,93885602.0,1732541.0,--,1269985817.00,12441367.00,227024196.00,4905068.00,--,541837993.0,86482604.0,33571168.0,13410299.0,5875235.0,19090154.0,4236602201.0,100745460.00,--,52944878.0,2450669.00,38170859.0,4798937.00,65248477.0,5341764.0,--,1403769304.00,105648754.00,1200000.00,--,1943173445.0,187385886.0,7808481.0,12440047.0,3931126961.0,95351652.0,55785647.0,97264299.0,57073642.0,0.00,--,305475240.0,0.00,305475240.0,0.0,0.0,32.04,,,
2013,01,2882,國泰金,269517585.0,73873985.0,174615322.0,1389852577.0,2196659.00,12465467.0,130699964.0,9693440.0,--,1546886562.00,12102562.00,51691033.00,1597196.00,--,1664248110.0,213799683.0,71473211.0,9324806.0,16841553.0,23367307.0,5674247022.0,73996201.00,1493750.00,24377181.0,--,36380124.0,3360000.00,65731116.0,670456.0,--,1466687367.00,90196450.00,--,--,3246964264.0,378882142.0,14474644.0,15557603.0,5418771298.0,108653851.0,78508148.0,45665347.0,25825632.0,-7179872.00,--,251473106.0,4002618.00,255475724.0,0.0,200000000.0,23.58,,,
2013,01,2883,開發金,27259086.0,39942069.0,74604206.0,130940555.0,42243.00,27162495.0,104573539.0,752011.0,--,86434528.00,--,--,7936523.00,3149527.00,56012096.0,2139976.0,9604555.0,6643207.0,852053.0,14417566.0,592466235.0,4077672.00,--,16966670.0,101205.00,81782588.0,12192186.00,49360527.0,2154060.0,--,130638928.00,36914290.00,15541769.00,--,1028045.0,66616676.0,902402.0,8984410.0,427261428.0,151729966.0,258674.0,10547398.0,-390095.0,-3294868.00,--,158851075.0,6353732.00,165204807.0,0.0,448759000.0,10.79,,,
2013,01,2884,玉山金控,23236283.0,59045240.0,278203814.0,74669823.0,0.00,11404.0,47874347.0,558269.0,--,760651963.00,--,9651651.00,--,--,7500443.0,1690179.0,17309318.0,4142011.0,530361.0,2430449.0,1287505555.0,56920541.00,--,15182466.0,--,4305869.0,1480437.00,22781151.0,1190262.0,--,1049793249.00,53300000.00,0.00,--,443137.0,2316657.0,852461.0,1102233.0,1209668463.0,50107000.0,14420331.0,12380970.0,928791.0,--,--,77837092.0,--,77837092.0,0.0,0.0,15.53,,,
2013,01,2885,元大金,28124392.0,81403137.0,86426723.0,71848332.0,--,1041424.0,88228338.0,997604.0,1333356.00,379075292.00,--,2269391.00,917125.00,123127.00,37114297.0,3013849.0,13080361.0,26142968.0,896918.0,8266647.0,830303281.0,13329316.00,--,21922020.0,--,29304723.0,11536997.00,51659718.0,5333643.0,0.00,441600116.00,30866783.00,2523578.00,--,1529777.0,46644202.0,729669.0,11899437.0,668879979.0,98973355.0,33670733.0,22257299.0,3389615.0,-70238.00,--,158220764.0,3202538.00,161423302.0,0.0,3612000.0,15.99,,,
2013,01,2886,兆豐金,200522958.0,222587222.0,188863992.0,234128871.0,--,5680453.0,109399732.0,810333.0,--,1525727058.00,3182753.00,161620690.00,2965546.00,--,26785687.0,5220935.0,19299519.0,263487.0,3654680.0,10035445.0,2720749361.0,358460730.00,9643436.00,15621479.0,--,179663658.0,7193143.00,61659386.0,7468451.0,--,1751919907.00,57961883.00,6554000.00,--,22839107.0,12514435.0,1654066.0,9503831.0,2502657512.0,114498240.0,43425270.0,58283459.0,1579965.0,0.00,--,217786934.0,304915.00,218091849.0,0.0,0.0,19.02,,,
2013,01,2887,台新金控,51759098.0,133283640.0,91931958.0,258534197.0,94314.00,11584030.0,90986179.0,1731104.0,--,1800934367.00,--,188726316.00,258617.00,--,17701255.0,11610869.0,41749245.0,21676298.0,9548373.0,5281601.0,2737391461.0,146646825.00,--,13220145.0,--,68898188.0,0.00,51814177.0,3026173.0,--,2141827628.00,85441365.00,678586.00,--,4392606.0,22107209.0,7004696.0,4404147.0,2549461745.0,76166344.0,9427522.0,17533572.0,1917366.0,0.00,--,105044804.0,82884912.00,187929716.0,43000.0,0.0,13.79,,,
2013,01,2888,新光金,52112941.0,108982179.0,47958420.0,373751965.0,--,10271225.0,53751631.0,4810492.0,77428.00,618406274.00,--,262468735.00,138541.00,--,661085332.0,125188783.0,24978642.0,3090045.0,16085680.0,19463774.0,2382622087.0,1930829.00,--,10096576.0,--,20807595.0,4149138.00,30219578.0,551406.0,--,519973312.00,43496390.00,3027718.00,1654000.00,1524684084.0,104335278.0,4594491.0,8531359.0,2278051754.0,84363876.0,9160484.0,32113731.0,-34529984.0,0.00,--,91108107.0,13462226.00,104570333.0,0.0,0.0,10.8,,,
2013,01,2889,國票金控,1634213.0,670081.0,105877884.0,77522530.0,--,165951.0,13203999.0,714409.0,--,--,--,--,1419345.00,--,4208811.0,0.0,2000504.0,592577.0,119131.0,1705431.0,209834866.0,--,15186283.00,367999.0,--,149469122.0,4825786.00,4714423.0,110295.0,--,--,--,--,--,1462882.0,1292015.0,18855.0,558348.0,178006008.0,25529802.0,7544.0,2466260.0,401819.0,-485234.00,--,27920191.0,3908667.00,31828858.0,0.0,50000000.0,11.15,,,
2013,01,2890,永豐金控,25805012.0,78273157.0,55316022.0,57341937.0,9985.00,2941174.0,107510717.0,623429.0,--,770134695.00,--,235447312.00,79748.00,--,27943441.0,1753174.0,14155114.0,3096265.0,2672147.0,11393416.0,1394496745.0,60913355.00,--,12029044.0,17234.00,19619196.0,15323222.00,34740011.0,902666.0,--,1061406984.00,42996968.00,18555871.00,81124.00,3088868.0,15827669.0,1310373.0,6171391.0,1292983976.0,75682739.0,1801753.0,23506381.0,521896.0,0.00,--,101512769.0,0.00,101512769.0,0.0,0.0,13.41,,,
2013,01,2891,中信金,59838271.0,120704973.0,91314955.0,450611606.0,1420563.00,9085828.0,143145430.0,1833704.0,--,1187270486.00,1249031.00,48444831.00,2217690.00,--,14176113.0,2636225.0,40514769.0,13963009.0,2762453.0,13398229.0,2204588166.0,37134821.00,4986105.00,27302760.0,58717.00,80435993.0,--,53989770.0,3473038.0,--,1562827799.00,71127741.00,--,--,143210098.0,30942386.0,1395752.0,9656409.0,2026541389.0,127190899.0,17196149.0,35882952.0,-2313177.0,--,--,177956823.0,89954.00,178046777.0,0.0,0.0,14.33,,,
2013,01,2892,第一金控,56486174.0,152990460.0,24090030.0,97093845.0,--,3521527.0,64569182.0,2003941.0,--,1427911316.00,13652.00,255992117.00,1712435.00,--,19501813.0,7612457.0,28235405.0,269629.0,1807949.0,3822084.0,2147634016.0,143319137.00,75793.00,20523976.0,23538.00,9885859.0,4113519.00,71315177.0,2409181.0,--,1630609662.00,49700000.00,2238717.00,--,19603211.0,47944780.0,5762918.0,3305098.0,2010830566.0,81253607.0,18200167.0,32791886.0,3987027.0,--,--,136232687.0,570763.00,136803450.0,0.0,0.0,16.77,,,
2013,01,5880,合庫金,58599382.0,718762940.0,66688711.0,115079700.0,--,4603587.0,22945939.0,1441836.0,--,1823955834.00,13962.00,14805848.00,101342.00,--,116626521.0,1145340.0,39866292.0,3789211.0,1166142.0,2769057.0,2992361644.0,208948882.00,--,4103647.0,--,57180322.0,2370108.00,45194589.0,997771.0,--,2284418656.00,117580000.00,2000000.00,--,65711754.0,52217410.0,3547603.0,1545716.0,2845816458.0,81266667.0,57853927.0,10658908.0,649996.0,-7136010.00,--,143293488.0,3251698.00,146545186.0,0.0,217076242.0,18.12,,,
2013,02,2880,華南金,44211252.0,123993029.0,49186505.0,84149160.0,--,517874.0,47660207.0,2051286.0,--,1360899674.00,2694849.00,291702665.00,78924.00,--,38152801.0,6806732.0,32570000.0,368851.0,2024525.0,3578984.0,2090647318.0,98227619.00,--,21628355.0,96414.00,27653661.0,3338285.0,47421731.0,1906974.0,--,1673263841.00,53240825.00,1170000.00,--,16015964.0,7441345.0,6099460.0,3265280.0,1960769754.0,90562816.0,17758986.0,24521330.0,-2967017.0,--,--,129876115.0,1449.00,129877564.0,0.0,0.0,15.06,,,
2013,02,2881,富邦金,141202319.0,133057468.0,97615263.0,1524720978.0,630617.00,74050430.0,124885545.0,1494875.0,--,1288087322.00,12247830.00,215865552.00,5078852.00,--,537691015.0,88318214.0,33046331.0,13439702.0,5738973.0,21670131.0,4318841417.0,74685907.00,--,39319830.0,2080308.00,42248367.0,5589492.0,97240892.0,5996852.0,--,1461433294.00,107767575.00,1100000.00,--,2013756296.0,168633918.0,2325023.0,13618047.0,4035795801.0,95351652.0,55785647.0,95481361.0,36426956.0,0.00,--,283045616.0,--,283045616.0,0.0,0.0,29.68,,,
2013,02,2882,國泰金,293907544.0,96294885.0,188012542.0,1333391213.0,1793051.00,14389293.0,138772681.0,4339185.0,--,1577827835.00,9989683.00,52323584.00,1575868.00,--,1703287197.0,215353951.0,71348968.0,8998270.0,16206833.0,26635475.0,5754448058.0,46082011.00,1506000.00,29918963.0,--,57979446.0,4630000.0,54031335.0,407569.0,--,1510325450.00,100240287.00,--,--,3310147714.0,373640105.0,12000150.0,12341975.0,5513251005.0,116119621.0,78508148.0,38612405.0,11383825.0,-7179872.00,--,237444127.0,3752926.00,241197053.0,0.0,200000000.0,22.26,,,
2013,02,2883,開發金,24236363.0,47738761.0,70592775.0,106743060.0,40066.00,36488569.0,116690030.0,771030.0,--,86847940.00,--,--,7315972.00,450662.00,58153300.0,1707496.0,9520492.0,6593302.0,798435.0,18049344.0,592737597.0,4420013.00,--,15745591.0,84863.00,80922392.0,10742970.0,49101074.0,2166177.0,--,128206447.00,37032207.00,15523071.00,--,1046313.0,74215991.0,987773.0,10776087.0,430970969.0,150268236.0,542598.0,9918695.0,-3147644.0,-2170286.00,--,155411599.0,6355029.00,161766628.0,0.0,302586000.0,10.55,,,
2013,02,2884,玉山金控,25920547.0,58660736.0,265869240.0,87095067.0,0.00,0.0,58693954.0,557011.0,--,790002451.00,--,9364298.00,--,--,6690359.0,718883.0,18649152.0,4177544.0,421772.0,2603199.0,1329424213.0,78179198.00,--,15168020.0,--,5489492.0,1998520.0,25302565.0,592186.0,--,1064047744.00,55600000.00,0.00,--,477687.0,2101404.0,787454.0,1377988.0,1251122258.0,55243000.0,14497390.0,7962326.0,599239.0,--,--,78301955.0,--,78301955.0,0.0,0.0,15.63,,,
2013,02,2885,元大金,24237628.0,79580846.0,87175697.0,76568765.0,--,3119995.0,94591399.0,1237601.0,1309054.00,379284869.00,--,2266618.00,911527.00,202519.00,37666417.0,3891560.0,12951938.0,25931759.0,793550.0,8512738.0,840234480.0,18724111.00,--,26843393.0,--,20620710.0,14011149.0,57252418.0,4732382.0,0.00,450037768.00,30943037.00,1995160.00,--,1505687.0,45394156.0,772043.0,9353601.0,682185615.0,98937235.0,33636779.0,18375035.0,4076815.0,0.00,--,155025864.0,3023001.00,158048865.0,0.0,0.0,15.67,,,
2013,02,2886,兆豐金,209314476.0,176040777.0,195342744.0,260134518.0,--,6925361.0,137550048.0,968475.0,64.00,1563463363.00,3436521.00,166295479.00,2736614.00,--,28035197.0,2209536.0,22214762.0,256367.0,3248716.0,8137905.0,2786310923.0,345562502.00,26900005.00,15510988.0,--,206809132.0,6258203.0,72689166.0,7221337.0,--,1790830585.00,55874079.00,5935135.00,--,22000177.0,10821043.0,1693505.0,9041334.0,2577147191.0,114498240.0,43425270.0,51414424.0,-460680.0,0.00,--,208877254.0,286478.00,209163732.0,0.0,0.0,18.24,,,
2013,02,2887,台新金控,56582504.0,141565296.0,90680427.0,228224328.0,82629.00,6936868.0,98137437.0,1623794.0,--,1822578268.00,--,188438984.00,243235.00,--,27668792.0,11606932.0,41661573.0,21644880.0,8485925.0,8924019.0,2755085891.0,155606337.00,--,16917216.0,--,33873788.0,0.0,56573168.0,3813721.0,--,2170854589.00,90308743.00,646950.00,--,4314536.0,23152621.0,6455021.0,3892856.0,2566409546.0,82306368.0,9443781.0,12641940.0,318388.0,--,--,104710477.0,83965868.00,188676345.0,0.0,0.0,13.75,,,
2013,02,2888,新光金,52770340.0,117741686.0,61945166.0,373768898.0,--,9028637.0,62461035.0,3809002.0,77428.00,630133808.00,--,271344059.00,95786.00,--,664191298.0,124841695.0,25040559.0,3105146.0,16467179.0,22184037.0,2439005759.0,3484849.00,--,12856470.0,--,19722353.0,6347990.0,44512626.0,336978.0,--,543947478.00,32902615.00,7906048.00,1654000.00,1549879022.0,94655040.0,4646770.0,9893037.0,2332745276.0,88685282.0,9182207.0,29047626.0,-34029502.0,--,--,92885613.0,13374870.00,106260483.0,193707309.0,0.0,10.76,,,
2013,02,2889,國票金控,1794701.0,510015.0,109141062.0,71368794.0,--,669753.0,16538171.0,641674.0,--,--,--,--,1423054.00,--,4325982.0,0.0,1988411.0,568038.0,30786.0,1634321.0,210634762.0,--,14268828.00,314403.0,--,149980898.0,4051335.0,7430458.0,96294.0,--,--,--,--,--,1485407.0,1309818.0,18643.0,132499.0,179088583.0,26280696.0,7544.0,1502836.0,348001.0,-485234.00,--,27653843.0,3892336.00,31546179.0,0.0,50000000.0,11.05,,,
2013,02,2890,永豐金控,22909993.0,72069146.0,55271019.0,86403662.0,4893.00,1309155.0,129863772.0,430217.0,--,787810485.00,--,207131890.00,75669.00,--,28006579.0,1750395.0,14074321.0,3097909.0,2684931.0,12947346.0,1425841382.0,86858426.00,--,15246609.0,11528.00,15540072.0,18379657.0,36964058.0,839098.0,--,1064052512.00,42992670.00,15315357.00,18437.00,3054692.0,16507792.0,1219338.0,7016781.0,1324017027.0,82077358.0,1524439.0,17914868.0,307690.0,0.00,--,101824355.0,0.00,101824355.0,0.0,0.0,13.39,,,
2013,02,2891,中信金,72651842.0,148196372.0,109716544.0,465838119.0,1243667.00,2606202.0,164049786.0,1391542.0,--,1211295328.00,980455.00,44087086.00,2114267.00,--,20320123.0,2634724.0,42433318.0,13882080.0,2654648.0,15214024.0,2321310127.0,29540349.00,6467248.00,31611850.0,150651.00,73136782.0,1599726.0,70790658.0,2505745.0,--,1652976821.00,71138449.00,--,--,154339632.0,29217450.0,711220.0,11970586.0,2136157167.0,147129560.0,23848397.0,22309872.0,-8219712.0,--,--,185068117.0,84843.00,185152960.0,0.0,0.0,13.46,,,
2013,02,2892,第一金控,56753485.0,143649643.0,24430700.0,100048281.0,0.00,2495101.0,71286962.0,2361700.0,--,1440244301.00,5029.00,262097394.00,1753538.00,--,23622323.0,7967285.0,27914801.0,261249.0,1638198.0,3836302.0,2170366292.0,120474272.00,71257.00,15328655.0,23713.00,7864813.0,4589743.0,83008092.0,2640058.0,--,1650337599.00,49700000.00,2989212.00,--,19099296.0,69401585.0,5742650.0,3274277.0,2034545222.0,86535092.0,18200167.0,27222604.0,3338202.0,--,--,135296065.0,525005.00,135821070.0,0.0,0.0,16.65,,,
2013,02,5880,合庫金,62880124.0,710894137.0,63063504.0,117284564.0,--,2905304.0,24554991.0,1483206.0,--,1812700351.00,15424.00,15250452.00,98718.00,--,124851111.0,1152029.0,39829717.0,3823067.0,1247799.0,2368663.0,2984403161.0,236597598.00,--,3202926.0,--,54541453.0,3744598.0,49323960.0,612182.0,--,2260647678.00,99380000.00,651000.00,--,66712911.0,58932767.0,3426325.0,1498754.0,2839272152.0,86142667.0,56125224.0,6162812.0,58517.0,-6417991.00,--,142071229.0,3059780.00,145131009.0,0.0,195234242.0,17.91,,,
2013,03,2880,華南金,40975239.0,141482649.0,44635099.0,85195580.0,4984.00,618323.0,47564799.0,2029902.0,--,1397663439.00,2661620.00,300455806.00,78449.0,--,40020170.0,7694417.0,31880266.0,399769.0,2112318.0,3773964.0,2149246793.0,139389034.00,--,21109280.0,97485.00,22721006.0,4970416.0,37629250.0,1764597.0,--,1704868078.00,48541239.00,1164000.00,--,16019464.0,7910284.0,6099633.0,4541028.0,2016824794.0,90562816.0,17758986.0,26935290.0,-2836554.0,--,--,132420538.0,1461.0,132421999.0,0.0,0.0,14.62,,,
2013,03,2881,富邦金,142038222.0,111843080.0,97874308.0,1570592901.0,533533.00,65842015.0,129912725.0,969831.0,--,1343417738.00,13527736.00,215714383.00,4969054.0,--,553377535.0,88142942.0,33360592.0,13380053.0,6946251.0,24229367.0,4416672266.0,87279242.00,--,35347730.0,2154666.00,48111735.0,7274687.0,77564303.0,5740802.0,--,1450793949.00,111822096.00,85000.00,--,2087119923.0,179813170.0,3217384.0,18392538.0,4114717225.0,102336040.0,74445051.0,104461422.0,20465924.0,0.00,--,301708437.0,246604.0,301955041.0,0.0,0.0,29.48,,,
2013,03,2882,國泰金,302903232.0,132346377.0,226017077.0,1321363863.0,1607616.00,12547032.0,141389034.0,4908270.0,--,1584700953.00,9047802.00,51384448.00,2623280.0,--,1768460434.0,217105518.0,71434749.0,9297017.0,16376126.0,26843817.0,5900356645.0,50893236.00,1483500.00,19073757.0,--,58193040.0,7780000.0,58366163.0,163357.0,--,1558339204.00,99913846.00,--,--,3367510568.0,396720427.0,12203976.0,11979865.0,5642620939.0,119649621.0,87889556.0,50158804.0,3056839.0,-7179872.00,--,253574948.0,4160758.0,257735706.0,0.0,200000000.0,23.01,,,
2013,03,2883,開發金,44952957.0,40563219.0,75277426.0,112112562.0,33036.00,30058151.0,140070608.0,752526.0,--,100417133.00,--,--,7153389.0,1081678.00,67355495.0,1833690.0,9308884.0,6419700.0,789678.0,13480019.0,651660151.0,25578158.00,--,18778579.0,72790.00,94609756.0,15454966.0,48364524.0,2195904.0,--,126876331.00,37050322.00,27584486.00,--,1027250.0,76367207.0,1020936.0,12155017.0,487136226.0,150308833.0,535087.0,12685763.0,-3249290.0,-2170286.00,--,158110107.0,6413818.0,164523925.0,0.0,302586000.0,10.74,,,
2013,03,2884,玉山金控,16818977.0,57851664.0,267390880.0,72362809.0,--,0.0,54965149.0,565426.0,0.00,812342514.00,0.00,8798083.00,0.0,0.00,14131198.0,566711.0,19111601.0,5498567.0,441500.0,3136657.0,1333981736.0,61309099.00,0.00,14205756.0,0.00,4134441.0,1663399.0,21857291.0,362556.0,0.00,1091479553.00,52300000.00,0.00,0.00,471808.0,2010432.0,792135.0,2309132.0,1252895602.0,55243000.0,14497390.0,10165203.0,460310.0,0.00,--,80365903.0,720231.0,81086134.0,0.0,0.0,14.55,,,
2013,03,2885,元大金,20826472.0,87963966.0,95532261.0,43798799.0,--,3338743.0,97986451.0,1238777.0,1309054.00,387542987.00,--,7243154.00,876997.0,142459.00,60553036.0,3990003.0,12664998.0,25702521.0,979079.0,7754764.0,859444521.0,8653408.00,--,29572777.0,--,22663457.0,9727874.0,61645809.0,4497307.0,0.00,466627862.00,30972023.00,876354.00,--,1533562.0,43478597.0,906428.0,18948658.0,700104116.0,98937235.0,33634947.0,20743182.0,2909516.0,0.00,--,156224880.0,3115525.0,159340405.0,0.0,0.0,15.79,,,
2013,03,2886,兆豐金,204536461.0,180052123.0,180164254.0,223848359.0,--,4764427.0,168395902.0,813679.0,--,1612028001.00,3529180.00,180063429.00,2643639.0,--,25568272.0,2182115.0,22141493.0,241836.0,3511448.0,7644420.0,2822129038.0,355134566.00,33711599.00,16127636.0,--,197575984.0,6738134.0,86793110.0,5337099.0,--,1798250535.00,55886343.00,5279290.00,--,21758688.0,12334790.0,1926720.0,9656559.0,2606511053.0,114498240.0,43425270.0,57704607.0,-298544.0,0.00,--,215329573.0,288412.0,215617985.0,0.0,0.0,18.81,,,
2013,03,2887,台新金控,42264749.0,155591539.0,109192125.0,267311585.0,70694.00,13207394.0,98913744.0,1690803.0,--,1833354170.00,--,188370831.00,244044.0,--,36127211.0,11581896.0,41605650.0,21595386.0,8000235.0,5673814.0,2834795870.0,174604110.00,--,14217662.0,--,62846494.0,0.0,49688946.0,4127281.0,--,2200574430.00,90249966.00,1631776.00,--,4299116.0,27936803.0,6495000.0,4349467.0,2641021051.0,82374640.0,9461716.0,15912466.0,633043.0,--,--,108381865.0,85392954.0,193774819.0,6153221.0,0.0,13.16,,,
2013,03,2888,新光金,45301821.0,114414516.0,70160424.0,368723688.0,--,4818921.0,62545420.0,3853124.0,3594919.00,642003088.00,--,283431832.00,99516.0,--,672611295.0,121502090.0,24652425.0,3125030.0,16342772.0,23237127.0,2460418008.0,4602753.00,--,6347172.0,--,20033332.0,7497705.0,33754237.0,139786.0,--,547335959.00,32921726.00,7912110.00,1654000.00,1575069320.0,93720163.0,4491222.0,13113100.0,2348592585.0,93248209.0,9182207.0,33003816.0,-37231143.0,0.00,--,98203089.0,13622334.0,111825423.0,0.0,0.0,10.53,,,
2013,03,2889,國票金控,1584822.0,200048.0,121318777.0,67396539.0,--,1508504.0,16507267.0,682403.0,--,--,--,--,1378181.0,--,4248298.0,0.0,1979837.0,564454.0,30532.0,2153901.0,219553563.0,--,15843119.00,739731.0,--,155417185.0,4646517.0,7978094.0,155736.0,--,--,--,--,--,1423513.0,1362911.0,18643.0,321991.0,187907440.0,26280696.0,7544.0,1823388.0,112242.0,-485234.00,--,27738636.0,3907487.0,31646123.0,0.0,50000000.0,10.76,,,
2013,03,2890,永豐金控,28073818.0,79466214.0,56303680.0,57907796.0,0.00,3009784.0,134452319.0,480219.0,--,783058704.00,--,219006338.00,77223.0,--,32717092.0,1747616.0,14043538.0,3067843.0,2537797.0,12387300.0,1428337281.0,70467478.00,--,12794255.0,7036.00,19607340.0,18200438.0,31749631.0,662258.0,--,1077617186.00,43088577.00,17098708.00,18437.00,3030595.0,18263490.0,1265472.0,9072950.0,1322943851.0,82077358.0,1524439.0,20377279.0,1354353.0,0.00,--,105333429.0,60001.0,105393430.0,0.0,0.0,12.83,,,
2013,03,2891,中信金,72741880.0,116022230.0,97668622.0,499684894.0,1099046.00,6762824.0,166990294.0,1381498.0,6323280.00,1217349106.00,955432.00,53174662.00,2121666.0,--,25737950.0,2633396.0,36926806.0,13939295.0,3188061.0,12431515.0,2337132457.0,36492306.00,9519001.00,25666409.0,96950.00,58269730.0,1499726.0,62439013.0,1678054.0,--,1676952932.00,70627650.00,--,--,167919863.0,26181862.0,647334.0,11087170.0,2149078000.0,147129560.0,23848397.0,27279776.0,-10280461.0,--,--,187977272.0,77185.0,188054457.0,0.0,0.0,12.78,,,
2013,03,2892,第一金控,40999898.0,170176289.0,35963194.0,99281918.0,0.00,2085867.0,66371528.0,2446161.0,--,1438274853.00,4797.00,281386535.00,1785196.0,--,25769342.0,8120130.0,27893284.0,245440.0,1636270.0,5468161.0,2207908863.0,145082667.00,71383.00,15004316.0,7911.00,9843648.0,5100992.0,63507949.0,2797113.0,--,1680418493.00,49700000.00,2649326.00,--,18813494.0,66530362.0,5742526.0,4150212.0,2069420392.0,86535092.0,18200167.0,30135846.0,3091461.0,--,--,137962566.0,525905.0,138488471.0,0.0,0.0,15.94,,,
2013,03,5880,合庫金,43384804.0,697355582.0,66616110.0,117068996.0,--,641046.0,25915376.0,1507390.0,--,1850727786.00,11808.00,14774807.00,101453.0,--,144695781.0,1127029.0,40227091.0,3842362.0,1253588.0,2853404.0,3012104413.0,247258964.00,--,2136028.0,--,50161527.0,3537249.0,44292516.0,508728.0,--,2282245632.00,99380000.00,433000.00,--,67904381.0,61089941.0,3431040.0,1364731.0,2863743737.0,86142667.0,56125224.0,6443049.0,-874873.0,-2341763.00,--,145494304.0,2866372.0,148360676.0,0.0,75510216.0,17.04,,,
2013,04,2880,華南金,49164202.0,122085753.0,44612847.0,86877259.0,6132.00,610822.0,48505696.0,2022777.0,--,1406686928.00,2563184.00,310957337.00,75532.0,--,44373098.0,7517333.0,32173716.0,403916.0,2347229.0,3744810.0,2164728571.0,131875899.00,--,20794876.0,86820.00,24494364.0,5456332.0,29717876.0,2194257.0,--,1737742713.00,41541653.00,938000.00,--,15560087.0,8664716.0,6101863.0,3898365.0,2029067821.0,90562816.0,17758986.0,29482953.0,-2145471.0,--,--,135659284.0,1466.0,135660750.0,0.0,0.0,14.98,,,
2013,04,2881,富邦金,194224779.0,104504015.0,93717804.0,1631464808.0,517817.00,72391296.0,145015571.0,950196.0,--,1352883952.00,14033829.00,216982867.00,5133579.0,--,571464921.0,88287548.0,34003921.0,13454750.0,6728774.0,24786415.0,4570546842.0,91718827.00,--,43000297.0,1872070.00,48188694.0,4724342.0,77844483.0,5951820.0,--,1504452622.00,114003337.00,35000.00,--,2160927865.0,182285637.0,2474686.0,16387266.0,4253866946.0,102336040.0,74446982.0,110424390.0,29250223.0,0.00,--,316457635.0,222261.0,316679896.0,0.0,0.0,30.92,,,
2013,04,2882,國泰金,331666078.0,151945066.0,244023246.0,1357106776.0,1300914.00,12960817.0,169590966.0,5585301.0,68479.00,1667391682.00,5740684.00,54970153.00,3153320.0,--,1724797817.0,191023573.0,104306810.0,9223432.0,15038697.0,26963277.0,6076857088.0,56985225.00,1497500.00,28754621.0,5148.00,60931600.0,10050000.0,37548440.0,37003.0,--,1585031001.00,92417213.00,--,--,3477440832.0,413414217.0,12771382.0,14712855.0,5791597037.0,119649621.0,89063184.0,52283098.0,20083810.0,0.00,--,281079713.0,4180338.0,285260051.0,0.0,0.0,23.49,,,
2013,04,2883,開發金,20195997.0,39581124.0,98297280.0,116258949.0,19568.00,20925493.0,125689985.0,755965.0,--,106857949.00,--,--,7286276.0,21726120.00,61379462.0,1830198.0,9087419.0,6277179.0,869150.0,10904908.0,647943022.0,6711620.00,--,22577982.0,64315.00,111975004.0,10116225.0,57673578.0,2388951.0,--,114808892.00,37068437.00,18687012.00,--,1140616.0,82559726.0,1353240.0,11714770.0,478840368.0,150308833.0,535087.0,14656447.0,-670876.0,-2170286.00,0.00,162659205.0,6443449.0,169102654.0,0.0,302586000.0,11.04,,,
2013,04,2884,玉山金控,21344052.0,57907807.0,283646429.0,72049774.0,0.00,0.0,62895383.0,563776.0,0.00,828238170.00,0.00,8593699.00,0.0,0.00,17578354.0,544587.0,19373142.0,5513344.0,343935.0,2444147.0,1381036599.0,47645621.00,--,12264067.0,0.00,6254291.0,1981970.0,19045582.0,505654.0,--,1150790905.00,53800000.00,268092.00,--,400265.0,2392644.0,745760.0,1586425.0,1297681276.0,55243000.0,14497390.0,12093934.0,816635.0,0.00,0.00,82650959.0,704364.0,83355323.0,0.0,0.0,14.96,,,
2013,04,2885,元大金,27229111.0,85619265.0,91573183.0,43612700.0,--,250724.0,98302239.0,1239819.0,1309054.00,397268743.00,--,7204646.00,805483.0,152682.00,60446473.0,4222882.0,12417996.0,25497006.0,1064109.0,6877941.0,865094056.0,13072480.00,--,29582483.0,--,23440116.0,8509446.0,63540151.0,4593107.0,0.00,470505829.00,31002148.00,1106179.00,--,2157166.0,41772374.0,1020822.0,13159292.0,703461593.0,98937235.0,33634947.0,22685193.0,3153871.0,0.00,--,158411246.0,3221217.0,161632463.0,0.0,0.0,16.01,,,
2013,04,2886,兆豐金,367990287.0,183257144.0,195800759.0,272943633.0,--,2585345.0,184587941.0,921969.0,2576.00,1654577193.00,3293937.00,184411233.00,2697551.0,--,23430204.0,2059428.0,22150245.0,318046.0,3785582.0,8810740.0,3113623813.0,490935730.00,32330245.00,14856685.0,--,219651334.0,4393653.0,66105983.0,5522518.0,--,1933722541.00,55898677.00,5509213.00,--,22414786.0,10094610.0,2051201.0,8544561.0,2872031737.0,124498240.0,55271623.0,61534835.0,100838.0,0.00,--,241405536.0,186540.0,241592076.0,0.0,0.0,19.39,,,
2013,04,2887,台新金控,61516953.0,124152449.0,102817889.0,251947289.0,62494.00,9470428.0,107590190.0,1759870.0,--,1845715026.00,--,228942921.00,221229.0,--,47507842.0,11808520.0,41530667.0,21563628.0,7809571.0,6569720.0,2870986686.0,176662165.00,--,16237369.0,--,37932722.0,0.0,46370940.0,4248028.0,--,2250576346.00,90322818.00,2287315.00,--,4422703.0,32803503.0,6711208.0,4422327.0,2672997444.0,82548070.0,9478327.0,18160507.0,944683.0,--,--,111131587.0,86857655.0,197989242.0,16505200.0,0.0,13.47,,,
2013,04,2888,新光金,43625253.0,120850612.0,91899916.0,357586019.0,--,3329957.0,65175198.0,3920628.0,3594919.00,656347501.00,--,306547795.00,95083.0,--,693767677.0,122990613.0,24687516.0,3166948.0,15097729.0,22550037.0,2535233401.0,4152993.00,--,9932689.0,--,21850128.0,7597049.0,32967106.0,160365.0,--,573445108.00,32902418.00,8279012.00,1654000.00,1613402731.0,95602452.0,3890087.0,14595395.0,2420431533.0,93288169.0,9180681.0,31034630.0,-32555630.0,--,--,100947850.0,13854018.0,114801868.0,0.0,0.0,10.82,,,
2013,04,2889,國票金控,1722845.0,1430095.0,114875387.0,71719506.0,--,259760.0,18741587.0,650383.0,--,--,--,--,1486552.0,--,4146544.0,0.0,1977964.0,569974.0,55224.0,1355902.0,218991723.0,--,15541346.00,375055.0,--,154234922.0,4592818.0,8820872.0,73083.0,--,--,--,--,--,1427401.0,1362844.0,37894.0,227269.0,186693504.0,26280696.0,7544.0,2311382.0,211851.0,-485234.00,--,28326239.0,3971980.0,32298219.0,0.0,50000000.0,10.99,,,
2013,04,2890,永豐金控,36440618.0,61147642.0,54465034.0,63585375.0,0.00,2657521.0,151101164.0,410105.0,--,808203611.00,--,214417922.00,82919.0,--,42099521.0,1745539.0,13999490.0,3040540.0,2717761.0,9830188.0,1465944950.0,87589163.00,--,14071567.0,6095.00,20098747.0,18300839.0,34183173.0,1055619.0,--,1086645403.00,45087336.00,20342470.00,18437.00,3176495.0,18125304.0,1239503.0,7497900.0,1357438051.0,82077358.0,1524439.0,22775362.0,2069841.0,0.00,--,108447000.0,59899.0,108506899.0,0.0,0.0,13.21,,,
2013,04,2891,中信金,115161162.0,125125631.0,83369629.0,428929904.0,910113.00,8836019.0,172454597.0,1449398.0,6323343.00,1284855302.00,1081880.00,79304809.00,2076772.0,--,39787544.0,2631895.0,38347727.0,13948040.0,6699337.0,13426977.0,2424720079.0,48409512.00,8167850.00,28364068.0,255112.00,64795548.0,199985.0,50417748.0,2354133.0,--,1725348933.00,70269949.00,--,--,194870475.0,25748327.0,329664.0,12342446.0,2231873750.0,147129560.0,23845094.0,30511606.0,-8716664.0,--,--,192769596.0,76733.0,192846329.0,0.0,0.0,13.1,,,
2013,04,2892,第一金控,56683394.0,162586971.0,46428396.0,97397287.0,--,3469271.0,69439025.0,2294922.0,--,1431075270.00,4690.00,304110961.00,1819442.0,--,44970823.0,8790550.0,28464750.0,345807.0,1665697.0,3838096.0,2263385352.0,141375782.00,69243.00,15013079.0,7973.00,14215809.0,5791670.0,63210669.0,2302121.0,--,1731889637.00,49700000.00,2718078.00,--,19756790.0,66717864.0,5763392.0,3647092.0,2122179199.0,86535092.0,18200167.0,31842177.0,4151813.0,--,--,140729249.0,476904.0,141206153.0,0.0,0.0,16.26,,,
2013,04,5880,合庫金,40655599.0,708509511.0,56218820.0,115688301.0,--,417288.0,25289967.0,1626802.0,--,1905442305.00,1057.00,10565019.00,106127.0,--,159529468.0,2750709.0,38909695.0,3801728.0,1129579.0,2434725.0,3073076700.0,245541110.00,--,2307488.0,--,50441240.0,7120706.0,39756520.0,328318.0,--,2338512889.00,97880000.00,150000.00,--,66060582.0,67710055.0,3489088.0,1412651.0,2920710647.0,86142667.0,56125224.0,7371713.0,-333858.0,0.00,--,149305746.0,3060307.0,152366053.0,0.0,0.0,17.33,,,
2014,01,2880,華南金,47493131.0,149545945.0,49398938.0,87603497.0,6283.00,518154.0,48078401.0,2060395.0,--,1420981877.00,2726303.00,271294793.00,75222.00,--,47827485.0,7796805.00,32179892.0,410603.0,2485416.0,3767356.0,2174250496.0,122106147.00,--,20565330.0,74638.00,25459563.0,6417139.0,31458334.0,2691305.0,--,1742806561.00,45841968.00,880000.00,--,15954130.0,11999581.0,6104073.0,2990010.0,2035348779.0,90562816.0,17758986.0,32501119.0,-1922674.0,--,--,138900247.0,1470.0,138901717.0,0.0,0.0,15.34,,0.0,
2014,01,2881,富邦金,151967521.0,159756752.0,107574978.0,1739313582.0,501804.00,65690478.0,166125479.0,1898844.0,--,1545857444.00,13568253.00,237949101.00,5342577.00,--,617724997.0,88005785.00,42041456.0,30647467.0,4618825.0,35927499.0,5014512842.0,113358016.00,--,58645985.0,1720854.00,72417723.0,3524341.0,96485221.0,5442906.0,--,1748047115.00,119208369.00,300000.00,--,2234737928.0,186877925.0,5506993.0,12774631.0,4659048007.0,102336040.0,74446982.0,124290013.0,47000281.0,0.00,--,348073316.0,7391519.0,355464835.0,0.0,0.0,34.01,,0.0,
2014,01,2882,國泰金,419927339.0,136763894.0,242154421.0,1346438280.0,1241132.00,19654926.0,157195422.0,6056424.0,0.00,1729891326.00,6121332.00,59421462.00,3160550.00,--,1786930321.0,309921710.00,93716487.0,9240347.0,14409702.0,30884614.0,6373129689.0,68976603.00,1525500.00,25329193.0,0.00,64936638.0,10990000.0,51241386.0,37003.0,--,1608618909.00,92513375.00,--,--,3545438970.0,459714320.0,17904123.0,31142653.0,5978368673.0,119649621.0,89063184.0,148810589.0,32919061.0,0.00,0.00,390442455.0,4318561.0,394761016.0,0.0,0.0,32.63,,0.0,
2014,01,2883,開發金,34211246.0,45683335.0,115438561.0,112659345.0,1425.00,20309767.0,132363271.0,745383.0,--,113618525.00,--,--,7729543.00,22323760.00,82311822.0,1822118.00,9080317.0,6135352.0,814721.0,10665909.0,715914400.0,9527458.00,--,24693405.0,53297.00,127543612.0,17898220.0,57120347.0,2349103.0,--,151009930.00,34586157.00,19817004.00,--,1138470.0,88303593.0,1201151.0,8107113.0,543348860.0,150369666.0,528030.0,17345037.0,3086.0,-2170286.00,--,166075533.0,6490007.0,172565540.0,0.0,302586000.0,11.27,,0.0,
2014,01,2884,玉山金控,20372848.0,59550503.0,304559565.0,78531653.0,--,0.0,61686742.0,566194.0,--,849111003.00,--,8341983.00,--,--,46694911.0,446579.00,19717476.0,5548230.0,243534.0,3703052.0,1459074273.0,69926199.00,--,14986333.0,--,9470017.0,3331686.0,20437161.0,1050288.0,--,1187067511.00,56300000.00,365724.00,--,400667.0,3767400.0,773847.0,1448646.0,1369325479.0,57633794.0,15509980.0,14952392.0,937516.0,--,--,89033682.0,715112.0,89748794.0,0.0,0.0,15.45,,0.0,
2014,01,2885,元大金,26702618.0,95977734.0,108540464.0,97959482.0,--,202883.0,105492575.0,1454503.0,1282960.00,407171270.00,474358.00,34125031.00,794325.00,153183.00,70661634.0,4435779.00,12178828.0,25377551.0,1903228.0,9473620.0,1004362026.0,13189992.00,--,32824212.0,--,32089897.0,17846526.0,58225401.0,4517068.0,--,500432571.00,31032463.00,1950252.00,--,92809292.0,41925962.0,1340325.0,10390292.0,838574253.0,98937235.0,33634947.0,26292764.0,3571658.0,0.00,--,162436604.0,3351169.0,165787773.0,0.0,0.0,16.42,,0.0,
2014,01,2886,兆豐金,335470200.0,200624590.0,171631541.0,279259657.0,--,4999898.0,192484042.0,1054167.0,2636.00,1676473655.00,3406909.00,182148942.00,2738229.00,--,23874201.0,2316858.00,22073126.0,290650.0,3675863.0,5474997.0,3108000161.0,454796269.00,39520263.00,13392511.0,--,213505058.0,6402777.0,66942173.0,6165448.0,--,1951001552.00,54800000.00,7240301.00,--,22861881.0,10908961.0,2068215.0,7521400.0,2857126809.0,124498240.0,55271623.0,69577414.0,1331214.0,0.00,--,250678491.0,194861.0,250873352.0,0.0,0.0,20.14,,0.0,
2014,01,2887,台新金控,56896180.0,131776393.0,107600621.0,249108164.0,51396.00,4287435.0,102561716.0,1666652.0,--,1922855355.00,--,182950862.00,84340.00,--,90816264.0,11766507.00,41680022.0,21976403.0,7827986.0,17514463.0,2951420759.0,190153959.00,--,27336808.0,--,43136083.0,269553.0,48240389.0,4966653.0,--,2276269314.00,90306757.00,2871286.00,--,4455401.0,44332548.0,7127608.0,4882676.0,2744349035.0,84112903.0,9609921.0,22984259.0,977573.0,--,--,117684656.0,89387068.0,207071724.0,132178420.0,0.0,14.03,,0.0,
2014,01,2888,新光金,43130365.0,120376735.0,94184195.0,349441616.0,--,6043689.0,81385200.0,4373122.0,3594919.00,678387961.00,--,327434497.00,353574.00,--,707434508.0,122867370.00,24743118.0,3177183.0,15133589.0,29521226.0,2611582867.0,7290949.00,--,16583042.0,--,28018942.0,9546480.0,37834369.0,266546.0,--,593301196.00,32921112.00,5611362.00,0.00,1650846484.0,99394607.0,3894049.0,11417863.0,2496927001.0,93288169.0,9180681.0,32217276.0,-34128143.0,--,--,100557983.0,14097883.0,114655866.0,0.0,0.0,10.78,,0.0,
2014,01,2889,國票金控,1841951.0,200004.0,100406693.0,77043547.0,--,249967.0,19019429.0,736354.0,--,--,--,--,1513349.00,--,4215625.0,--,1963501.0,567103.0,54907.0,1095665.0,208908095.0,--,22330722.00,287863.0,--,136592009.0,5724639.0,7877210.0,153562.0,--,--,--,--,--,1279065.0,1395581.0,37921.0,214393.0,175892965.0,26280696.0,7544.0,2843185.0,252785.0,-485234.00,--,28898976.0,4116154.0,33015130.0,0.0,50000000.0,11.21,,0.0,
2014,01,2890,永豐金控,42037081.0,91081891.0,74671097.0,64781038.0,0.00,10022675.0,164378586.0,222193.0,--,798423486.00,--,190029975.00,508204.00,--,72030880.0,1742743.00,13957508.0,3028347.0,2592040.0,17229181.0,1546736925.0,92681005.00,--,23410162.0,11713.00,19647493.0,28737646.0,31864517.0,2082258.0,--,1136662264.00,43487847.00,18501256.00,18437.00,3197507.0,21659134.0,1323748.0,12062067.0,1435347054.0,82077358.0,1524439.0,25730705.0,1997547.0,--,--,111330049.0,59822.0,111389871.0,0.0,0.0,13.56,,0.0,
2014,01,2891,中信金,136259523.0,141146830.0,82811658.0,430223123.0,751270.00,4834491.0,163172146.0,1619041.0,6323343.00,1329964503.00,891110.00,91935793.00,2077828.00,--,97492848.0,6407182.00,36379928.0,14677070.0,6826537.0,19725466.0,2573519690.0,44948021.00,8480300.00,40788412.0,164444.00,71541616.0,499942.0,54518641.0,3320381.0,--,1785230472.00,70373296.00,--,--,242694178.0,40636899.0,714707.0,6628041.0,2370539350.0,147129560.0,23845094.0,38307384.0,-6357330.0,-28703.00,--,202896005.0,84335.0,202980340.0,0.0,1457000.0,13.79,,0.0,
2014,01,2892,第一金控,73810917.0,169544017.0,55686104.0,92266303.0,0.00,4895982.0,57547472.0,2249886.0,--,1460970292.00,1839.00,292053009.00,2180552.00,--,52162750.0,8788050.00,28402073.0,381965.0,1624839.0,3883963.0,2306450013.0,166683968.00,565305.00,15747717.0,0.00,14796107.0,5285430.0,56842381.0,2614582.0,--,1747639554.00,46200000.00,2460061.00,--,19998811.0,72408450.0,5781755.0,3518792.0,2160542913.0,86535092.0,18200167.0,35501561.0,5194909.0,--,--,145431729.0,475371.0,145907100.0,0.0,0.0,16.81,,0.0,
2014,01,5880,合庫金,39443208.0,709806241.0,58672919.0,115972527.0,--,1601368.0,25381055.0,1530730.0,--,1923737584.00,755.00,14241509.00,107701.00,--,175207551.0,2745234.00,39111250.0,3823241.0,1146013.0,2899975.0,3115428861.0,250684805.00,--,2570734.0,--,42790743.0,7765949.0,38583442.0,421700.0,--,2381519678.00,97880000.00,280000.00,--,64583776.0,68170233.0,3589777.0,1502916.0,2960343753.0,86142667.0,56125224.0,9804125.0,-77242.0,0.00,--,151994774.0,3090334.0,155085108.0,0.0,0.0,17.64,,0.0,
2014,02,2880,華南金,51402040.0,151169607.0,51680415.0,97938516.0,3363.00,421396.00,47794368.0,1744849.0,--,1398428285.00,2837573.00,251493687.00,76617.00,--,73797464.0,7811729.00,32426824.0,394923.0,2457530.0,3622426.0,2175501612.0,104401396.00,--,20629578.0,64856.00,28591214.0,4056109.0,34774333.0,1894376.0,--,1765371283.00,45842378.00,1574000.00,--,16182525.0,7087122.0,6101375.0,2772467.0,2039343012.0,93279700.0,17758986.0,26752503.0,-1634046.0,--,--,136157143.0,1457.0,136158600.0,0.0,0.0,15.03,,0.0,
2014,02,2881,富邦金,168447311.0,159216772.0,107748438.0,1781571105.0,524606.00,70055362.00,179750224.0,942139.0,94166.00,1569422478.00,15221525.00,235176755.00,5337447.00,--,617993655.0,87390241.00,42371808.0,30167080.0,5546614.0,44379493.0,5121357219.0,110658221.00,--,47980175.0,1853027.00,91898020.0,5823522.0,100973926.0,5524865.0,--,1767923312.00,127496721.00,1100000.00,--,2284527807.0,185886426.0,8702229.0,13437523.0,4753785774.0,102336040.0,74446982.0,122421926.0,61009597.0,0.00,--,360214545.0,7356900.0,367571445.0,0.0,0.0,35.2,,0.0,
2014,02,2882,國泰金,439314462.0,136630902.0,199076191.0,1375101005.0,921067.00,38211047.00,134123729.0,6532936.0,0.00,1777532902.00,6659756.00,62742329.00,4345561.00,--,1842622318.0,328761736.00,93456226.0,9266492.0,16068321.0,31730623.0,6503097603.0,66777514.00,1495750.00,16839141.0,0.00,65279312.0,12090000.0,65695591.0,176336.0,--,1626302712.00,107214791.00,--,--,3583478956.0,506753754.0,21937681.0,18182820.0,6092224358.0,125632102.0,88782304.0,143316028.0,47993571.0,0.00,0.00,405724005.0,5149240.0,410873245.0,0.0,0.0,33.91,,0.0,
2014,02,2883,開發金,39518557.0,56122192.0,118813658.0,106820537.0,0.00,38639831.00,135356284.0,632097.0,--,125043317.00,--,--,9055451.00,20520157.00,64876391.0,1770408.00,9095442.0,6598982.0,671046.0,7873040.0,741407390.0,4915702.00,--,23491753.0,43039.00,121568103.0,15409615.0,61309262.0,2312919.0,--,162080804.00,33604075.00,37908386.00,--,1136041.0,98535471.0,1210140.0,10180282.0,573705592.0,150369666.0,519008.0,13462802.0,-766503.0,-2170286.00,--,161414687.0,6287111.0,167701798.0,0.0,302586000.0,10.95,,0.0,
2014,02,2884,玉山金控,24254687.0,54910784.0,283439001.0,96280166.0,--,--,73290338.0,547740.0,--,884728900.00,--,8232883.00,--,--,56370751.0,433040.00,19974082.0,5479381.0,274788.0,3646797.0,1511863338.0,84314429.00,--,11710518.0,--,17503156.0,3069234.0,20691383.0,1045277.0,--,1212953878.00,52600000.00,358188.00,--,404444.0,3069253.0,774355.0,1708728.0,1410202843.0,70530000.0,19375697.0,10085834.0,969283.0,--,--,100960814.0,699681.0,101660495.0,0.0,0.0,15.62,,0.0,
2014,02,2885,元大金,32447610.0,105813429.0,227571493.0,103442339.0,--,11801796.00,123237236.0,1719947.0,1305934.00,421991298.00,477597.00,33460911.00,2049060.00,2131466.00,69555562.0,11227325.00,13927374.0,27758797.0,3375853.0,13212797.0,1206507824.0,16575228.00,--,58988947.0,--,54682111.0,22789242.0,69343194.0,4606747.0,--,586586780.00,41817277.00,23270872.00,--,96779592.0,38578412.0,1410105.0,11509528.0,1026938035.0,101410666.0,33634947.0,25505354.0,3423513.0,0.00,--,163974480.0,15595309.0,179569789.0,0.0,0.0,16.57,,0.0,
2014,02,2886,兆豐金,174195646.0,289669101.0,175725721.0,276349200.0,--,5641383.00,203644226.0,1301418.0,2582.00,1668969079.00,3481496.00,178963013.00,2679628.00,--,20699864.0,2310530.00,22041310.0,302060.0,3758271.0,4128228.0,3033862756.0,376096025.00,39510383.00,14326707.0,--,233201316.0,7187117.0,76253441.0,8295619.0,--,1915959215.00,61900000.00,10930120.00,--,21988779.0,11946570.0,2193326.0,7849328.0,2787637946.0,124498240.0,55274279.0,63850970.0,2418558.0,0.00,--,246042047.0,182763.0,246224810.0,0.0,0.0,19.76,,0.0,
2014,02,2887,台新金控,53505258.0,134625141.0,106452360.0,281299974.0,40385.00,354313.00,118490290.0,1258290.0,--,1959204680.00,--,184543904.00,73126.00,--,104918894.0,11767838.00,41653161.0,22004736.0,7209506.0,18927477.0,3046329333.0,207698778.00,447675.00,25939845.0,2292.00,63850250.0,460647.0,57451099.0,4534809.0,--,2294497695.00,108179189.00,4556117.00,--,4513774.0,52675015.0,6638806.0,5017710.0,2836463701.0,95628460.0,10615976.0,14815994.0,927912.0,0.00,--,121988342.0,87877290.0,209865632.0,3073000.0,0.0,13.92,,0.0,
2014,02,2888,新光金,51691229.0,134633668.0,100357878.0,376741440.0,--,8394312.00,76313458.0,3453144.0,4985059.00,675525924.00,--,343425376.00,221126.00,--,685578408.0,121296478.00,24750943.0,3112655.0,14009051.0,30761006.0,2655251155.0,9088380.00,--,8463552.0,--,27726205.0,8996369.0,40027051.0,177923.0,--,603313600.00,35440089.00,4181630.00,0.00,1686059653.0,96927872.0,3574737.0,11194826.0,2535171887.0,98347538.0,9180681.0,28136608.0,-29719119.0,--,--,105945708.0,14133560.0,120079268.0,0.0,0.0,11.36,,0.0,
2014,02,2889,國票金控,2429174.0,85.0,115964194.0,81045172.0,--,818601.00,20578431.0,868116.0,--,--,--,--,1477687.00,--,4249506.0,--,1942441.0,540327.0,39353.0,1110200.0,231063287.0,--,15578706.00,240601.0,--,160763622.0,8890580.0,9452126.0,137207.0,--,--,--,--,--,1391866.0,1328701.0,20312.0,248111.0,198051832.0,26873652.0,7544.0,2209082.0,277130.0,-485234.00,--,28882174.0,4129281.0,33011455.0,0.0,50000000.0,11.2,,0.0,
2014,02,2890,永豐金控,22536409.0,90801548.0,79414930.0,57335216.0,0.00,26582013.00,175399941.0,253317.0,--,789934009.00,--,172755164.00,482712.00,--,65644539.0,1739946.00,13908708.0,2991310.0,2719911.0,20049367.0,1522549040.0,78894816.00,--,21602672.0,24012.00,24104043.0,29317579.0,38036666.0,1778732.0,--,1113228085.00,45987346.00,18941213.00,18437.00,3205280.0,26037466.0,1295799.0,7359291.0,1409831437.0,88709209.0,1524439.0,20594322.0,1829894.0,--,0.00,112657864.0,59739.0,112717603.0,0.0,0.0,13.73,,0.0,
2014,02,2891,中信金,153967496.0,241021514.0,103625460.0,607392218.0,686131.00,1845411.00,202148687.0,1764682.0,6323343.00,1811178897.00,299980.00,94959838.00,2062400.00,--,134790265.0,6503038.00,40657060.0,16211632.0,8273825.0,20573969.0,3454285846.0,45997345.00,60619770.00,36835425.0,116829.00,64877410.0,1649715.0,96811108.0,2973583.0,--,2349036716.00,116342225.00,--,--,260651078.0,176056574.0,914116.0,23408447.0,3236290341.0,152572815.0,23845094.0,47952515.0,-6429007.0,-28703.00,--,217912714.0,82791.0,217995505.0,0.0,1457000.0,14.81,,0.0,
2014,02,2892,第一金控,91872828.0,169224947.0,62250661.0,88663581.0,0.00,3854503.00,61476008.0,1910609.0,--,1460867442.00,3529.00,296914412.00,3019496.00,--,48828274.0,8508352.00,28354391.0,376205.0,1771263.0,8772366.0,2336668867.0,171919391.00,70926.00,13638486.0,0.00,13116150.0,6238491.0,63732429.0,2362165.0,--,1768254543.00,42900000.00,2291128.00,--,20059670.0,76794090.0,5779570.0,3533402.0,2190690441.0,92592548.0,18200167.0,29665162.0,5047219.0,--,--,145505096.0,473330.0,145978426.0,0.0,0.0,16.81,,0.0,
2014,02,5880,合庫金,42325545.0,700675024.0,63693940.0,121191552.0,--,2078543.00,26988809.0,1583939.0,--,1897908908.00,6996.00,18003187.00,106098.00,--,192213588.0,2729366.00,39411568.0,3781029.0,1234729.0,2604191.0,3116537012.0,229854492.00,--,2367681.0,--,42198127.0,7080590.0,40915832.0,655229.0,--,2396168635.00,103380000.00,250000.00,--,62801753.0,72736164.0,3444416.0,1473794.0,2963326713.0,90449800.0,51818091.0,8303079.0,-358077.0,0.00,--,150212893.0,2997406.0,153210299.0,0.0,0.0,17.44,,0.0,
2014,03,2880,華南金,55382226.0,138085572.0,54743455.0,99058763.0,6111.00,394392.0,49634165.0,1872051.0,--,1425206464.00,2921288.00,267597520.00,75514.00,--,76560880.0,7755166.00,32585262.0,379425.0,2207455.0,6424040.0,2220889749.0,105261574.00,--,20929064.0,49910.00,37655008.0,7129802.0,52608209.0,1235339.0,--,1773646748.00,47042898.00,1411000.00,--,16244894.0,6525139.0,6101903.0,5286529.0,2081128017.0,93279700.0,17758986.0,30218648.0,-1497083.0,--,0.00,139760251.0,1481.0,139761732.0,0.0,0.0,14.98,,0.0,
2014,03,2881,富邦金,197410090.0,170148685.0,107573380.0,1738636606.0,479406.00,70470210.0,182060236.0,731678.0,95615.00,1553723090.00,13504822.00,245422551.00,5677884.00,--,676727922.0,115386836.00,43146999.0,30528651.0,5357440.0,49680000.0,5206762101.0,98381734.00,--,58730130.0,1687338.00,108139996.0,5847871.0,92840857.0,6630840.0,--,1739999976.00,148683592.00,963040.00,--,2357441181.0,183773927.0,7342324.0,17444440.0,4827907246.0,102336040.0,74446982.0,173547587.0,20743839.0,0.00,--,371074448.0,7780407.0,378854855.0,0.0,0.0,36.26,,0.0,
2014,03,2882,國泰金,508527175.0,146979030.0,202941797.0,1301619201.0,799689.00,49522901.0,125765347.0,6572752.0,0.00,1791938582.00,6261024.00,75387965.00,4427921.00,--,1943342582.0,346116294.00,93044730.0,9257382.0,13242979.0,36332068.0,6662079419.0,71776229.00,1521800.00,36507336.0,13397.00,62636760.0,23400000.0,58475379.0,176336.0,--,1667763366.00,107288890.00,--,--,3677395612.0,516660371.0,21069770.0,16662617.0,6261347863.0,125632102.0,88782304.0,157348737.0,23568922.0,0.00,0.00,395332065.0,5399491.0,400731556.0,0.0,0.0,31.47,,0.0,
2014,03,2883,開發金,16877444.0,77995504.0,120118280.0,132700853.0,0.00,29789716.0,138876461.0,842151.0,--,230493422.00,--,20090014.00,9592749.00,27364803.00,71091174.0,1759915.00,15197645.0,9807643.0,6027489.0,13369784.0,921995047.0,7609584.00,--,29415120.0,31580.00,123382032.0,22938918.0,66524508.0,2505916.0,--,311800387.00,33622190.00,32245282.00,--,1280648.0,103221139.0,1281319.0,16216448.0,752075071.0,153436592.0,588370.0,16646130.0,-1949155.0,-2376747.00,--,166345190.0,3574786.0,169919976.0,545910.0,323231938.0,11.07,,0.0,
2014,03,2884,玉山金控,20716271.0,59372537.0,286435002.0,86762908.0,--,20214.0,73219190.0,550291.0,--,909473762.00,--,7096395.00,--,--,53399786.0,417450.00,20228381.0,5479495.0,381273.0,3816381.0,1527369336.0,68209822.00,--,22057615.0,--,16484881.0,3329040.0,24620050.0,1293084.0,--,1227860487.00,52100000.00,365460.00,--,404824.0,2749469.0,689454.0,2277571.0,1422441757.0,70530000.0,19375697.0,12949135.0,1329641.0,--,--,104184473.0,743106.0,104927579.0,0.0,0.0,14.77,,0.0,
2014,03,2885,元大金,36993504.0,99195038.0,255266998.0,103530969.0,--,9746065.0,131519057.0,2192650.0,1312507.00,432509867.00,352624.00,35696543.00,2035691.00,2251875.00,70700541.0,10911022.00,13717048.0,27372515.0,3350057.0,13672702.0,1252327273.0,9928156.00,--,65657570.0,--,67067919.0,23386647.0,140594115.0,3557859.0,--,535988869.00,47744838.00,16648845.00,--,102518116.0,39198906.0,1562303.0,17913151.0,1071767294.0,101410666.0,33634947.0,27679877.0,2763397.0,0.00,--,165488887.0,15071092.0,180559979.0,0.0,0.0,16.32,,0.0,
2014,03,2886,兆豐金,176168949.0,558400151.0,176664485.0,282929807.0,--,7483024.0,200991025.0,1466526.0,2634.00,1708199151.00,3529465.00,164043799.00,2663819.00,--,20676741.0,1981055.00,21977782.0,298903.0,4021790.0,4247253.0,3335746359.0,687673510.00,39889775.00,13664157.0,--,233706497.0,12995942.0,76804714.0,8298536.0,--,1897641583.00,56900000.00,8332362.00,--,21811367.0,11719718.0,2160410.0,11077484.0,3082676055.0,124498240.0,55274279.0,71541793.0,1599458.0,0.00,--,252913770.0,156534.0,253070304.0,0.0,0.0,20.31,,0.0,
2014,03,2887,台新金控,59526258.0,141312886.0,102494954.0,296890830.0,28649.00,1125030.0,123504574.0,970025.0,--,1993151155.00,--,184787432.00,78932.00,--,93826923.0,11839185.00,41495889.0,21946807.0,7250308.0,12939788.0,3093169625.0,207837472.00,456750.00,28303142.0,37977.00,75076798.0,1509926.0,53727139.0,2467506.0,--,2332644050.00,103262373.00,5777214.00,--,4563628.0,49371448.0,6649081.0,5388314.0,2877072818.0,95676949.0,10628649.0,18707851.0,780627.0,0.00,--,125794076.0,90302731.0,216096807.0,4385000.0,0.0,13.15,,0.0,
2014,03,2888,新光金,70705813.0,120967773.0,103429457.0,360237580.0,--,8221355.0,72098614.0,3673704.0,4985059.00,680370873.00,--,356589748.00,168411.00,--,718983457.0,121125447.00,24605677.0,3085101.0,14850748.0,33004060.0,2697102877.0,7447948.00,--,19693345.0,--,22190987.0,3998655.0,37843236.0,176763.0,--,603853493.00,35400300.00,5682713.00,0.00,1735244592.0,91902292.0,3959002.0,13367248.0,2580760574.0,98347538.0,9515301.0,32361866.0,-38178924.0,--,--,102045781.0,14296522.0,116342303.0,0.0,0.0,10.38,,0.0,
2014,03,2889,國票金控,2305961.0,48.0,116042993.0,78447703.0,--,579979.0,19323224.0,751500.0,--,--,--,--,1488253.00,--,4239711.0,--,1936726.0,540258.0,39146.0,1895141.0,227590643.0,--,14822434.00,290922.0,--,157544041.0,9945088.0,8360280.0,272641.0,--,--,--,--,--,1432226.0,1274174.0,20051.0,423867.0,194385724.0,26873652.0,7544.0,2578362.0,115449.0,-485234.00,--,29089773.0,4115146.0,33204919.0,0.0,50000000.0,11.03,,0.0,
2014,03,2890,永豐金控,19803968.0,85638761.0,79337140.0,67663937.0,--,21489645.0,179790349.0,242777.0,--,790012277.00,--,179542954.00,477457.00,--,49012874.0,1737149.00,13817248.0,3012596.0,3016930.0,14246276.0,1508842338.0,69999060.00,--,21107237.0,14763.00,36166580.0,29914554.0,39590365.0,1822151.0,--,1087519447.00,48566625.00,16160412.00,18437.00,3220639.0,28014863.0,1289727.0,8762008.0,1392166868.0,88709209.0,1524439.0,24684264.0,1697909.0,0.00,--,116615821.0,59649.0,116675470.0,0.0,0.0,13.15,,0.0,
2014,03,2891,中信金,153800879.0,233506377.0,98872800.0,681801081.0,1416755.00,1426467.0,184930250.0,1500247.0,6323343.00,1832695195.00,375240.00,98645339.00,2017789.00,--,156496549.0,6547799.00,42054332.0,16999388.0,8340918.0,18164911.0,3545915659.0,59221403.00,57646071.00,41114800.0,503609.00,69760358.0,1149915.0,87684797.0,2941117.0,--,2387050806.00,113650170.00,--,--,297600472.0,171953141.0,926941.0,31142996.0,3322346596.0,152572815.0,23845351.0,56763077.0,-9695700.0,0.00,0.00,223485543.0,83520.0,223569063.0,0.0,0.0,14.65,,0.0,
2014,03,2892,第一金控,89570726.0,146083874.0,56928906.0,87540165.0,0.00,3832949.0,61330603.0,1998627.0,--,1481565743.00,3576.00,306060883.00,3114302.00,--,45237870.0,9089439.00,27833965.0,347618.0,1745795.0,5093982.0,2327379023.0,154059255.00,84090.00,13376203.0,0.00,12439525.0,7186655.0,64076494.0,1835864.0,--,1774477578.00,43900000.00,4123107.00,--,20045011.0,71633315.0,5786624.0,4631283.0,2177655004.0,92592548.0,18200167.0,33150155.0,5323246.0,--,--,149266116.0,457903.0,149724019.0,0.0,0.0,16.12,,0.0,
2014,03,5880,合庫金,40386797.0,644547054.0,56234438.0,122890859.0,--,1105558.0,25189461.0,1566096.0,--,1923309790.00,3189.00,20453502.00,111099.00,--,199315268.0,2723783.00,39430933.0,3781395.0,1190224.0,3074029.0,3085313475.0,229807385.00,--,3778504.0,--,40341420.0,6952584.0,44898068.0,398114.0,--,2365109751.00,96210000.00,452538.00,--,60898209.0,76843555.0,3268609.0,1330838.0,2930289575.0,90449800.0,51818091.0,11201039.0,-1325082.0,0.00,--,152143848.0,2880052.0,155023900.0,0.0,0.0,16.82,,0.0,
2014,04,2880,華南金,65139086.0,126840184.0,53560052.0,94466936.0,4191.00,458591.0,45646598.0,1710467.0,--,1478084933.00,2822021.00,267054720.00,70641.0,--,74834104.0,8239124.00,33263607.0,372480.0,2142488.0,5240659.0,2259950882.0,100435752.00,--,22934698.0,41968.00,32648320.0,7058369.0,34973240.0,1369891.0,--,1828517934.00,47343318.00,1557000.00,--,16483857.0,13795307.0,6118592.0,2728859.0,2116007105.0,93279700.0,17758986.0,33283915.0,-380328.0,--,--,143942273.0,1504.0,143943777.0,0.0,0.0,15.43,,0.0,
2014,04,2881,富邦金,178585384.0,156451568.0,149723270.0,1845091617.0,440343.00,45205475.0,177439710.0,788887.0,48743.00,1599199048.00,14130756.00,252985584.00,5994557.0,--,748221345.0,118607023.00,43580340.0,30997123.0,6081760.0,64788124.0,5438360657.0,108647208.00,8252630.00,94897733.0,2062018.00,107758372.0,4538465.0,91999097.0,5194998.0,--,1807116364.00,147303787.00,45000.00,--,2433649723.0,183054013.0,12968302.0,14726287.0,5022213997.0,102336040.0,74446982.0,179734455.0,51525519.0,0.00,--,408042996.0,8103664.0,416146660.0,0.0,0.0,39.87,,0.0,
2014,04,2882,國泰金,435006606.0,151289044.0,223007168.0,1405300159.0,665390.00,56515170.0,134368376.0,7374177.0,0.00,1812773579.00,6377012.00,81658512.00,4546723.0,--,2131815297.0,338336979.00,92877629.0,9283025.0,16245526.0,37561436.0,6945001808.0,58816432.00,1585900.00,108286154.0,0.00,62021921.0,26790000.0,50417151.0,237634.0,--,1702302143.00,107613949.00,--,--,3801526910.0,543279993.0,27171794.0,16630845.0,6506680826.0,125632102.0,88782304.0,163197464.0,55069268.0,0.00,0.00,432681138.0,5639844.0,438320982.0,0.0,0.0,34.44,,0.0,
2014,04,2883,開發金,25130691.0,41616681.0,151177813.0,139610600.0,0.00,32871543.0,131858663.0,720044.0,--,225777475.00,--,18790000.00,10637078.0,24425207.00,69570961.0,2070706.00,14393809.0,8896357.0,5834810.0,14180410.0,917562848.0,12680778.00,--,35082307.0,20659.00,132826606.0,13925045.0,58230976.0,1994883.0,--,304557970.00,34660984.00,35204646.00,--,1199267.0,98296995.0,1423785.0,13544034.0,743648935.0,153444462.0,590923.0,19579851.0,-20368.0,-3298709.00,--,170296159.0,3617754.0,173913913.0,596872.0,416636938.0,11.41,,0.0,
2014,04,2884,玉山金控,29547360.0,60090348.0,292870111.0,86030495.0,0.00,152758.0,73087654.0,335260.0,0.00,934613524.00,0.00,5915792.00,0.0,0.00,52810267.0,421270.00,21106105.0,5683483.0,123932.0,3631499.0,1566419858.0,58199621.00,--,26081873.0,0.00,13117523.0,2828518.0,21740276.0,853016.0,--,1280691771.00,49600000.00,380040.00,--,337069.0,2583420.0,816112.0,1529273.0,1458758512.0,70530000.0,19375697.0,15139336.0,1831360.0,0.00,0.00,106876393.0,784953.0,107661346.0,0.0,0.0,15.15,,0.0,
2014,04,2885,元大金,47061183.0,79474507.0,260202179.0,114343183.0,--,17643207.0,120659190.0,1613255.0,33096.00,451629582.00,368588.00,51295128.00,1927479.0,1837531.00,75024970.0,7976225.00,13379104.0,27042475.0,3742095.0,16508415.0,1291761392.0,5681005.00,--,85309269.0,--,89313850.0,14825780.0,129540019.0,3146491.0,--,555769170.00,54683089.00,9250609.00,--,104201853.0,40635589.0,1838207.0,12512579.0,1106707510.0,101410666.0,33648021.0,30134393.0,4522016.0,0.00,--,169715096.0,15338786.0,185053882.0,0.0,0.0,16.74,,0.0,
2014,04,2886,兆豐金,171560274.0,462986081.0,181366843.0,280703020.0,--,11874327.0,201540361.0,1534999.0,2739.00,1733994271.00,3217685.00,163708076.00,2761637.0,--,20626729.0,1976764.00,22125875.0,307693.0,3972457.0,6320035.0,3270579866.0,474623325.00,53906541.00,29582637.0,--,221809530.0,15363080.0,60564578.0,9123049.0,--,2036403864.00,56200000.00,5926763.00,--,21305487.0,10778269.0,2169411.0,11640531.0,3009397065.0,124498240.0,55270198.0,77890173.0,3362257.0,0.00,--,261020868.0,161933.0,261182801.0,0.0,0.0,20.97,,0.0,
2014,04,2887,台新金控,23089267.0,34496856.0,83294027.0,244249053.0,0.00,273345.0,100310417.0,353421.0,--,805752729.00,--,2540.00,32660984.0,--,12131204.0,922355.00,17958823.0,2001997.0,4154618.0,21301742.0,1382953378.0,56003848.00,--,34921514.0,--,69724492.0,649389.0,22598658.0,1699781.0,--,965328658.00,55000000.00,6235441.00,--,794014.0,52744269.0,83945.0,2985066.0,1268769075.0,95780609.0,10640840.0,7292136.0,344829.0,--,0.00,114058414.0,125889.0,114184303.0,10789000.0,0.0,11.91,,0.0,
2014,04,2888,新光金,60836043.0,115815558.0,101669448.0,397047075.0,--,7861201.0,73161192.0,3801860.0,5182190.00,687204966.00,--,367484781.00,104587.0,--,782394275.0,120581900.00,24698737.0,3086638.0,13012937.0,33893131.0,2797836519.0,14332356.00,--,36045846.0,--,26298862.0,2199293.0,44879989.0,120027.0,--,622643523.00,37937460.00,4835274.00,0.00,1772515260.0,93265266.0,4062779.0,13227068.0,2672363003.0,98347538.0,9515301.0,31199870.0,-28210810.0,--,--,110851899.0,14621617.0,125473516.0,0.0,0.0,11.27,,0.0,
2014,04,2889,國票金控,2501497.0,20.0,110876763.0,79904562.0,--,379913.0,18234771.0,762729.0,--,--,--,--,1511790.0,--,4492762.0,--,1938474.0,463330.0,59398.0,1117993.0,222244002.0,--,13803765.00,261416.0,--,155083329.0,10139173.0,6064201.0,257066.0,--,--,--,--,--,1419899.0,1253045.0,20051.0,293839.0,188595784.0,26873652.0,7544.0,2851273.0,334223.0,-485234.00,--,29581458.0,4066760.0,33648218.0,0.0,50000000.0,11.22,,0.0,
2014,04,2890,永豐金控,45525205.0,90158380.0,89579463.0,210731779.0,--,21223630.0,176436847.0,223665.0,--,790968841.00,--,46114048.00,472255.0,--,41870795.0,1735411.00,13807482.0,2837131.0,3227630.0,14793593.0,1549706155.0,69606337.00,--,24135076.0,32887.00,41761224.0,27877220.0,35417648.0,1416960.0,--,1115170251.00,48565756.00,20955605.00,18437.00,3163942.0,27298537.0,1444509.0,7233259.0,1424097648.0,94709209.0,2227009.0,26403036.0,2209702.0,0.00,--,125548956.0,59551.0,125608507.0,0.0,0.0,13.26,,0.0,
2014,04,2891,中信金,133647130.0,274292402.0,118298731.0,683051006.0,1499486.00,3835902.0,189440011.0,1689188.0,6323343.00,1838176291.00,306946.00,110975819.00,2073119.0,--,185574704.0,6552700.00,43379488.0,16992496.0,9526337.0,29044965.0,3654680064.0,49934428.00,59135084.00,95292577.0,916322.00,65002821.0,7115881.0,81989932.0,4467017.0,--,2410679548.00,110457298.00,--,--,329775602.0,169234269.0,1784842.0,39455045.0,3425240666.0,152572815.0,23845351.0,58667306.0,-5732712.0,--,--,229352760.0,86638.0,229439398.0,0.0,0.0,15.03,,0.0,
2014,04,2892,第一金控,62282631.0,181176379.0,55800157.0,84980455.0,0.00,1882206.0,64860600.0,1471426.0,--,1497260653.00,912.00,307625308.00,3148788.0,--,51548266.0,9437666.00,28299057.0,430110.0,1688887.0,3815182.0,2355708683.0,126095434.00,80968.00,23387572.0,0.00,8723114.0,10693042.0,68733743.0,1680981.0,--,1823298294.00,41900000.00,7528630.00,--,12847431.0,66239808.0,5772703.0,4350409.0,2201332129.0,92592548.0,18200167.0,35553081.0,7598954.0,--,--,153944750.0,431804.0,154376554.0,0.0,0.0,16.63,,0.0,
2014,04,5880,合庫金,45149610.0,685306762.0,62603553.0,126818812.0,--,2322745.0,24735185.0,1676447.0,--,1860748281.00,18056.00,22066804.00,115905.0,--,196758103.0,2714707.00,40312130.0,3765773.0,1142191.0,5910142.0,3082165206.0,182820696.00,--,6730193.0,--,46390229.0,12177863.0,45499471.0,104927.0,--,2396440749.00,92110000.00,922008.00,--,59452594.0,75942974.0,3598327.0,1386405.0,2923576436.0,90449800.0,51818091.0,13250029.0,-164453.0,0.00,--,155353467.0,3235303.0,158588770.0,0.0,0.0,17.18,,0.0,
2015,01,2880,華南金,64983384.0,146581710.0,49912107.0,89322525.0,1154.00,467915.0,45373796.0,1886954.0,--,1465965354.00,2932465.00,267249483.0,68923.00,--,76785795.0,9358604.00,33413605.0,346507.0,2121478.0,5540368.0,2262312127.0,83656136.00,--,23280065.0,57099.00,27170933.0,8921894.0,32932689.0,1941036.0,--,1846573769.00,47343734.00,2335000.00,--,16830507.0,13135960.0,6119580.0,4222237.0,2114520639.0,93279700.0,17758986.0,36723628.0,27659.0,--,--,147789973.0,1515.0,147791488.0,0.0,0.0,15.84,,0.00,
2015,01,2881,富邦金,201891463.0,150853848.0,149699768.0,1851553420.0,435962.00,58660906.0,186737543.0,890394.0,48254.00,1649848651.00,14491937.00,257160798.0,7004704.00,--,749778125.0,134788620.00,43047248.0,30619709.0,2923163.0,64015847.0,5554450360.0,138278251.00,10165630.00,64078899.0,2499458.00,103776464.0,6918379.0,112159517.0,5014687.0,--,1816840846.00,155155888.00,2200000.00,--,2478046705.0,181402307.0,13981161.0,16184151.0,5106702343.0,102336040.0,74446982.0,199842822.0,63087560.0,--,--,439713404.0,8034613.0,447748017.0,0.0,0.0,42.97,,0.00,
2015,01,2882,國泰金,372500934.0,167303594.0,232297737.0,1408038943.0,655161.00,43093107.0,161075851.0,7375165.0,0.00,1830447499.00,5993347.00,89008359.0,6069063.00,--,2228535089.0,338132992.00,93316302.0,9340458.0,13665332.0,38159864.0,7045008797.0,67031921.00,628020.00,87119663.0,0.00,61616178.0,26428229.0,52282701.0,470300.0,--,1733676545.00,107399878.00,--,--,3857417619.0,544775424.0,25662283.0,21182941.0,6585691702.0,125632102.0,88782304.0,180966483.0,58152310.0,0.00,0.00,453533199.0,5783896.0,459317095.0,0.0,0.0,36.1,,0.00,
2015,01,2883,開發金,25287050.0,63042000.0,137254115.0,142862046.0,0.00,29604503.0,162414751.0,708163.0,--,227403051.00,--,190000.0,10613385.00,21407105.00,72541088.0,2068778.00,14404898.0,9030129.0,5712506.0,15194757.0,939738325.0,7867696.00,--,29334851.0,9691.00,124355987.0,29433669.0,50453788.0,1284707.0,--,334679948.00,23570225.00,60941695.00,--,1180745.0,85631996.0,1454321.0,14180077.0,764379396.0,153533433.0,600999.0,22219947.0,-378375.0,-4271618.00,--,171704386.0,3654543.0,175358929.0,25000.0,512119938.0,11.57,,--,
2015,01,2884,玉山金控,25929079.0,58817449.0,321726674.0,95971795.0,0.00,370351.0,77318570.0,301123.0,--,939796116.00,--,5729651.0,--,--,38221376.0,627077.00,21197054.0,5653982.0,224184.0,5225803.0,1597110284.0,57351641.00,--,25570445.0,--,9529930.0,4835583.0,24485859.0,1305001.0,--,1307317028.00,47300000.00,408504.00,--,370923.0,1629754.0,792721.0,2240000.0,1483137389.0,73016504.0,20371288.0,18354515.0,1441311.0,--,0.00,113183618.0,789277.0,113972895.0,0.0,0.0,15.5,,0.00,
2015,01,2885,元大金,42442407.0,84052767.0,307481774.0,120263553.0,--,25965212.0,156057359.0,1755954.0,0.00,458146816.00,358068.00,59292280.0,2140778.00,2359367.00,84192884.0,7424073.00,13665408.0,26677037.0,3599005.0,15261862.0,1411136604.0,4921545.00,--,88692616.0,--,117873065.0,36031777.0,144634181.0,3660762.0,--,587536953.00,54209030.00,17456283.00,--,105747990.0,43073894.0,1889976.0,15808040.0,1221536112.0,101410666.0,33668209.0,34196335.0,5413306.0,--,--,174688516.0,14911976.0,189600492.0,0.0,0.0,17.23,,0.00,
2015,01,2886,兆豐金,149780733.0,620338366.0,174363489.0,297085455.0,--,6914831.0,209407293.0,1647631.0,2707.00,1731452090.00,3168805.00,165158933.0,2814101.00,--,20166684.0,1299806.00,22075500.0,296467.0,4071594.0,10337501.0,3420381986.0,617966995.00,53752120.00,25095630.0,--,184109897.0,15859005.0,61180640.0,10061589.0,--,2075754233.00,56200000.00,5471289.00,--,21613585.0,10688208.0,2292746.0,12611173.0,3152657110.0,124498240.0,55268667.0,85812530.0,1981944.0,0.00,0.00,267561381.0,163495.0,267724876.0,0.0,0.0,21.49,,--,
2015,01,2887,台新金控,18044408.0,33138519.0,98410005.0,270968706.0,0.00,231025.0,93540474.0,181655.0,--,820956845.00,--,2534.0,33298705.00,--,9318787.0,919825.00,18035876.0,2002981.0,3628343.0,18275164.0,1420953852.0,68915480.00,--,30627336.0,--,77301599.0,879158.0,17600300.0,1606806.0,--,986386758.00,55000000.00,7346268.00,--,791744.0,52507106.0,53931.0,2941607.0,1301958093.0,95814304.0,10648428.0,11812842.0,591450.0,--,0.00,118867024.0,128735.0,118995759.0,3811342.0,0.0,12.41,,0.00,
2015,01,2888,新光金,56550922.0,125964830.0,101811247.0,383613880.0,--,6189773.0,71396101.0,4248981.0,0.00,686748602.00,--,364681992.0,207835.00,--,807239485.0,123288348.00,26739097.0,2974543.0,11820536.0,35757646.0,2809233818.0,2123247.00,--,16328738.0,--,26249231.0,2998969.0,39749076.0,196555.0,--,631425723.00,37973955.00,5650727.00,0.00,1809510826.0,85850218.0,3873778.0,14313649.0,2676244692.0,98347538.0,9515087.0,34557594.0,-24153167.0,--,--,118267052.0,14722074.0,132989126.0,0.0,0.0,12.03,,--,
2015,01,2889,國票金控,2484770.0,96.0,109808035.0,85663797.0,--,359943.0,19933178.0,837663.0,--,--,--,196631.0,1540321.00,--,4643115.0,--,1936062.0,459176.0,58497.0,1611011.0,229532295.0,--,23850202.00,393618.0,--,149625527.0,11741908.0,6407640.0,150083.0,--,--,--,--,--,1430377.0,1417722.0,20051.0,263879.0,195301007.0,26873652.0,7544.0,3317296.0,432526.0,-485234.00,--,30145784.0,4085504.0,34231288.0,0.0,50000000.0,11.43,,0.00,
2015,01,2890,永豐金控,33837067.0,101482571.0,93369580.0,201790220.0,--,20651808.0,180721342.0,205617.0,--,798598852.00,--,51206167.0,453580.00,--,42608504.0,1772442.00,13736266.0,2795666.0,3012820.0,16182481.0,1562424983.0,72179020.00,--,20938473.0,52314.00,37841753.0,32659535.0,33150082.0,1750920.0,--,1118897222.00,43566735.00,28832120.00,18437.00,3198949.0,30032617.0,1418236.0,9308116.0,1433844529.0,94709209.0,2227009.0,29898455.0,1686350.0,--,--,128521023.0,59431.0,128580454.0,0.0,0.0,13.57,,--,
2015,01,2891,中信金,101287458.0,250826895.0,100994547.0,777896415.0,377855.00,2908410.0,184584649.0,1828187.0,6323343.00,1851903180.00,327580.00,137307038.0,2096298.00,--,208374835.0,6776359.00,44381976.0,17103775.0,9643589.0,31075400.0,3736017789.0,42760462.00,55407068.00,96298436.0,10092.00,60507590.0,8230081.0,77947470.0,5597048.0,--,2494313601.00,93751565.00,--,--,358011088.0,169232266.0,1784839.0,32998232.0,3496849838.0,152572815.0,23845351.0,68444543.0,-5778589.0,0.00,--,239084120.0,83831.0,239167951.0,0.0,0.0,15.67,,--,
2015,01,2892,第一金控,57832037.0,211165429.0,72531054.0,73243147.0,0.00,56040.0,62224795.0,1451931.0,--,1446628207.00,3818.00,334459364.0,3067720.00,--,44862809.0,9452913.00,28199501.0,391712.0,1629175.0,9743237.0,2356942889.0,129112081.00,77985.00,23373454.0,0.00,6661299.0,13547447.0,55995803.0,2107834.0,--,1825525728.00,48900000.00,4967191.00,--,11859736.0,65895406.0,5760473.0,5164781.0,2198949218.0,92592548.0,18200167.0,39662056.0,7114934.0,--,--,157569705.0,423966.0,157993671.0,0.0,0.0,17.02,,0.00,
2015,01,5880,合庫金,44878583.0,740702960.0,69712590.0,133104563.0,--,3022652.0,26286332.0,1663977.0,--,1856355672.00,5929.00,27626586.0,118918.00,--,189998328.0,2785336.00,40216472.0,3745266.0,1173299.0,3761782.0,3145159245.0,225931272.00,--,17310668.0,--,41963027.0,12096364.0,36666272.0,709070.0,--,2393248737.00,88110000.00,1454350.00,--,58620498.0,80490708.0,3163214.0,1455907.0,2961220087.0,105449800.0,59018841.0,15980195.0,-21476.0,--,--,180427360.0,3511798.0,183939158.0,0.0,0.0,17.11,,0.00,
2015,02,2880,華南金,50310351.0,167992959.0,52413907.0,96000708.0,1202.00,697550.0,52724773.0,999022.0,--,1453221713.00,3222524.00,270559218.0,67709.00,--,74670561.0,9252974.00,32755236.0,320939.0,2151505.0,2691020.0,2270053871.0,94709529.00,--,19581568.0,48782.00,34915443.0,8866155.0,39447936.0,2191011.0,--,1832743231.00,48844155.00,1282000.00,--,17443162.0,14856015.0,6105529.0,3110549.0,2124145065.0,99063042.0,17758986.0,29075570.0,9712.0,--,--,145907310.0,1496.0,145908806.0,0.0,0.0,15.64,,--,
2015,02,2881,富邦金,158709096.0,176955522.0,116541776.0,1779486801.0,454113.00,119451664.0,159669575.0,1362439.0,47760.00,1641150988.00,15826134.00,287111219.0,16841702.00,--,835601851.0,135975309.00,43346843.0,30381290.0,3679125.0,52411631.0,5575004838.0,115270328.00,9399921.00,51555392.0,2436800.00,128613627.0,6812708.0,114732384.0,9339464.0,--,1867224466.00,142718051.00,1100000.00,--,2536890073.0,176437914.0,6353714.0,14464698.0,5183349540.0,102336040.0,74446982.0,191101017.0,15772635.0,--,--,383656674.0,7998624.0,391655298.0,0.0,0.0,37.49,,0.00,
2015,02,2882,國泰金,372119468.0,112290016.0,195710500.0,1400955397.0,439100.00,35679580.0,157516768.0,4322279.0,0.00,1785464539.00,6509331.00,80468255.0,23967500.00,--,2406919427.0,380818127.00,93033402.0,9372025.0,12827314.0,44125549.0,7122538577.0,58056657.00,0.00,74579183.0,0.00,78456022.0,27787344.0,67746464.0,2311243.0,--,1753509341.00,107195124.00,--,--,3939159951.0,540706290.0,25272007.0,14658083.0,6689437709.0,125632102.0,88782304.0,178812835.0,34039120.0,0.00,0.00,427266361.0,5834507.0,433100868.0,0.0,0.0,34.01,,0.00,
2015,02,2883,開發金,29154651.0,75433971.0,128137287.0,122366363.0,--,49112441.0,134725187.0,853690.0,--,221182539.00,--,142564.0,10330090.00,33933981.00,60693223.0,2064638.00,14357752.0,8865512.0,5579665.0,13077976.0,910011530.0,3141056.00,--,29468553.0,0.00,116949579.0,22035374.0,74675211.0,930048.0,--,329569141.00,26577343.00,41363779.00,--,987898.0,83642336.0,1477654.0,12266259.0,743084231.0,151644553.0,599342.0,15467270.0,-1985749.0,-2376748.00,--,163348668.0,3578631.0,166927299.0,25000.0,323231938.0,11.01,,--,
2015,02,2884,玉山金控,23219866.0,62538183.0,308894547.0,120946389.0,0.00,755560.0,87944359.0,269438.0,--,986149409.00,--,4931711.0,--,--,58239975.0,625672.00,24830476.0,5629567.0,163201.0,2656302.0,1687794655.0,67564202.00,--,24821109.0,--,7167477.0,3750571.0,24943484.0,1161316.0,--,1390800078.00,47300000.00,825521.00,--,368043.0,2204585.0,713818.0,1807277.0,1573427481.0,79517000.0,20501164.0,12329673.0,1232031.0,--,--,113579868.0,787306.0,114367174.0,0.0,0.0,15.56,,0.00,
2015,02,2885,元大金,36729476.0,79641610.0,323450682.0,127089122.0,--,20245571.0,167552808.0,1624732.0,0.00,475409993.00,281303.00,68129450.0,1747184.00,2183175.00,98085005.0,6738650.00,16300872.0,26512686.0,3475319.0,18661257.0,1473858895.0,26592272.00,--,92041694.0,--,122527861.0,17946185.0,182214562.0,3409110.0,--,599507774.00,45829216.00,20725440.00,--,110054704.0,48090463.0,1994671.0,11450966.0,1282384918.0,107129605.0,35564830.0,28502000.0,5095758.0,--,--,176292193.0,15181784.0,191473977.0,0.0,0.0,16.89,,0.00,
2015,02,2886,兆豐金,132296074.0,346317354.0,173344558.0,312595878.0,--,5156686.0,221799243.0,889093.0,2673.00,1751864248.00,3244023.00,174097983.0,2948185.00,--,20815372.0,1294268.00,22044493.0,281347.0,4127813.0,3723210.0,3176842501.0,315592318.00,46629161.00,20521169.0,--,180550514.0,11901583.0,77420147.0,10633759.0,--,2157860049.00,50200000.00,5036174.00,--,21332599.0,11206604.0,2183026.0,9790301.0,2920857404.0,124498240.0,55268667.0,75695955.0,364414.0,0.00,--,255827276.0,157821.0,255985097.0,0.0,0.0,20.55,,--,
2015,02,2887,台新金控,14611542.0,33355156.0,93690542.0,265753533.0,0.00,4998.0,103273640.0,177358.0,--,826906987.00,--,2534.0,33638198.00,--,12185784.0,917395.00,18053012.0,2049396.0,3387988.0,14687871.0,1422695934.0,62262518.00,0.00,23979538.0,0.00,76835695.0,1072984.0,21994695.0,1029602.0,--,984714922.00,64100000.00,7788093.00,--,786496.0,54614842.0,53863.0,2620086.0,1301853334.0,95831636.0,10216066.0,14329668.0,320901.0,--,0.00,120698271.0,144329.0,120842600.0,1672395.0,0.0,12.59,,0.00,
2015,02,2888,新光金,58307185.0,126104798.0,94401882.0,380956776.0,--,4784550.0,76920965.0,3413602.0,0.00,685191014.00,--,363931204.0,58769.00,--,849117295.0,123006951.00,27163394.0,2951674.0,12599073.0,30276727.0,2839185859.0,900922.00,--,13969054.0,--,22619006.0,1799213.0,43533240.0,148050.0,--,638343844.00,37172297.00,2531183.00,0.00,1852034363.0,82093399.0,4101106.0,11788140.0,2711033817.0,102281441.0,9515019.0,32536134.0,-29579778.0,-840150.00,--,113912666.0,14239376.0,128152042.0,0.0,86490000.0,11.69,,--,
2015,02,2889,國票金控,2795842.0,1310057.0,109469290.0,87194414.0,--,207005.0,18579052.0,761168.0,--,--,--,394913.0,1566114.00,--,4710432.0,--,1937221.0,456753.0,58666.0,1004048.0,230444975.0,--,21077947.00,387261.0,--,154123135.0,10705500.0,7129534.0,56399.0,--,--,--,--,--,1464057.0,1489783.0,20051.0,313821.0,196767488.0,27664862.0,7544.0,2163477.0,268375.0,-485234.00,--,29619024.0,4058463.0,33677487.0,0.0,50000000.0,11.23,,0.00,
2015,02,2890,永豐金控,29699627.0,105325898.0,92151147.0,195921679.0,--,11701819.0,149442852.0,267998.0,--,818134492.00,--,64137930.0,439630.00,--,46144306.0,1769063.00,13520779.0,2742735.0,2986884.0,14428957.0,1548815796.0,73396211.00,--,15509927.0,36155.00,35331488.0,31268689.0,39990228.0,961882.0,--,1121503830.00,41367621.00,23122452.00,18437.00,3176344.0,27629569.0,1451007.0,7823254.0,1422587094.0,101679807.0,2227009.0,21106931.0,1155498.0,--,--,126169245.0,59457.0,126228702.0,0.0,0.0,13.32,,--,
2015,02,2891,中信金,81480934.0,309401220.0,92977206.0,653939025.0,304011.00,2874346.0,188176496.0,1303881.0,6323343.00,1918113205.00,353391.00,153649641.0,1814820.00,--,234249901.0,6779663.00,46325051.0,16801849.0,9112895.0,28083285.0,3752064163.0,39437782.00,41021931.00,79303605.0,88112.00,60838489.0,8439660.0,85145587.0,3903607.0,--,2517493509.00,106474481.00,--,--,379273883.0,191826993.0,1034736.0,8875520.0,3523157895.0,164931213.0,23845351.0,51179586.0,-11132397.0,0.00,--,228823753.0,82515.0,228906268.0,0.0,0.0,15.0,,--,
2015,02,2892,第一金控,49604107.0,257290894.0,75918872.0,74307749.0,0.00,566367.0,66380655.0,1657412.0,--,1422259305.00,6720.00,347325862.0,2563223.00,--,44480299.0,9247932.00,28277474.0,356203.0,1966349.0,3799975.0,2386009398.0,149491184.00,69467.00,25598847.0,0.00,7163703.0,8337022.0,66506808.0,2745166.0,--,1831204257.00,48000000.00,2486031.00,--,11979062.0,67467581.0,5748725.0,4750888.0,2231548741.0,98611064.0,18200167.0,31165023.0,6101016.0,--,--,154077270.0,383387.0,154460657.0,0.0,0.0,16.64,,0.00,
2015,02,5880,合庫金,41964221.0,698634420.0,64164795.0,137886850.0,--,2457734.0,26137184.0,1075307.0,--,1895074730.00,8677.00,35442779.0,116030.00,--,183536583.0,2867804.00,40001321.0,3696673.0,1209035.0,3405672.0,3137679815.0,215798580.00,--,15627416.0,--,43332007.0,10290949.0,39805771.0,1124421.0,--,2415906571.00,69610000.00,1039360.00,--,57897500.0,80725903.0,2970638.0,1765861.0,2955894977.0,110722290.0,57964343.0,9777037.0,-235155.0,--,--,178228515.0,3556323.0,181784838.0,0.0,0.0,16.9,,0.00,
2015,03,2880,華南金,58789648.0,181995259.0,67923826.0,89574510.0,72,538990,39488979.0,871389.0,--,1470525652,3472264,309963568,67155,--,70577715.0,8965660,33064906.0,308233.0,2236831.0,4217264.0,2342581921.0,85096978,--,21540648.0,48173,35346008.0,12159158,79021879.0,1680714.0,--,1862460409,48844581,1286000,--,17613695.0,16390118.0,6131115.0,5319784.0,2192939260.0,99063042.0,17758986.0,32080997.0,738120.0,--,--,149641145.0,1516,149642661.0,0.0,0.0,15.11,,--,
2015,03,2881,富邦金,207895658.0,192091819.0,176684729.0,1678739489.0,944075,104907287,159418052.0,1363976.0,50937,1678869598,16411705,300755262,17763538,--,1000366479.0,153163089,44656217.0,30965697.0,13961998.0,81909280.0,5860918885.0,146748616,8101016,124804293.0,2772141,129182529.0,1009845,99094044.0,7032171.0,--,1962228893,150575569,1100000,--,2659307757.0,171476418.0,14857710.0,18687913.0,5496978915.0,102336040.0,74460529.0,207190845.0,-28461051.0,--,--,355526363.0,8413607,363939970.0,0.0,0.0,34.74,,0,
2015,03,2882,國泰金,309760074.0,106591988.0,301418560.0,1391995900.0,618196,44986518,153707207.0,4323085.0,0,1791823698,6760330,81056988,24819686,--,2681880406.0,385573499,93172769.0,56852527.0,19884301.0,65004257.0,7520229989.0,37149666,0,156158848.0,0,81932624.0,26778973,55153124.0,1955159.0,--,1814400235,105550787,--,--,4192814665.0,544772545.0,38248284.0,21864053.0,7076778963.0,125632102.0,88781174.0,227112530.0,-4140559.0,0,0,437385247.0,6065779,443451026.0,0.0,0.0,34.81,,0,
2015,03,2883,開發金,40049356.0,66493430.0,160572710.0,91878205.0,--,66396944,111257479.0,1000577.0,--,223684373,--,102564,10334917,32881460,59833868.0,2059928,14470847.0,8728501.0,5672234.0,22824626.0,918242019.0,20377407,--,49623463.0,0,124086674.0,15442066,69325090.0,823649.0,--,319690978,28637537,41532070,--,994526.0,68994582.0,1567954.0,10034880.0,751130876.0,151660841.0,602750.0,16459348.0,-2791813.0,-2395508,--,163535618.0,3575525,167111143.0,1628846.0,325371938.0,11.02,,--,
2015,03,2884,玉山金控,35129820.0,72685113.0,341225413.0,101722501.0,--,1111867,84394879.0,3718.0,--,1001086355,--,5106521,--,--,47030216.0,651969,26388062.0,5750011.0,181443.0,7102457.0,1729570345.0,70261043,--,33161890.0,--,7986053.0,1628335,31304383.0,798577.0,--,1407849612,51050000,1124072,--,389673.0,1779319.0,1310188.0,1804633.0,1610447778.0,79517000.0,20501164.0,16045894.0,2189612.0,--,0,118253670.0,868897,119122567.0,0.0,0.0,14.87,,--,
2015,03,2885,元大金,44592451.0,87761500.0,334491438.0,132435200.0,--,23789351,115396655.0,1915888.0,0,484677549,334558,79429997,1802320,2725811,110465082.0,6561258,16290645.0,26360155.0,4157254.0,20060266.0,1493247378.0,15682934,--,102423001.0,--,139101732.0,1067561,147649039.0,3510650.0,--,617435237,56097080,25977054,--,118193707.0,53460373.0,2790757.0,13924026.0,1297313151.0,107129605.0,35599459.0,31321264.0,6625480.0,--,--,180675808.0,15258419,195934227.0,0.0,0.0,16.87,,0,
2015,03,2886,兆豐金,93217798.0,429118160.0,182103378.0,321486529.0,--,8324136,221593199.0,891967.0,2851,1795688707,3230039,190420534,2916978,--,17736010.0,1291958,21991329.0,302465.0,4302148.0,3992650.0,3298610836.0,410527605,53627112,23409233.0,--,173820819.0,12566610,80534010.0,8744277.0,--,2170369519,54267069,3985000,--,21526770.0,11117512.0,2113126.0,10262801.0,3036871463.0,124498240.0,55268667.0,81927259.0,-95637.0,0,--,261598529.0,140844,261739373.0,0.0,0.0,21.01,,0,
2015,03,2887,台新金控,19869157.0,56955665.0,123454479.0,287957879.0,0,1201780,105243890.0,528362.0,--,839774929,--,4078,34474527,--,11788853.0,914966,18133133.0,2023059.0,3224838.0,31852290.0,1537401885.0,61272836,0,50188105.0,0,77224749.0,2463035,35123060.0,577221.0,--,1046213646,75000000,8215987,--,784865.0,53593818.0,68253.0,2818277.0,1413543852.0,95850302.0,10219424.0,17497550.0,157290.0,--,--,123724566.0,133467,123858033.0,1880000.0,0.0,12.91,,--,
2015,03,2888,新光金,50439907.0,135452010.0,106346761.0,348164088.0,--,5931838,67121169.0,3656472.0,23351619,689338572,--,374058531,10276,--,930158432.0,100006817,27714285.0,2887191.0,15522943.0,39444265.0,2919605176.0,11869398,--,52851040.0,--,25142746.0,0,41677711.0,120033.0,--,629827871,40206487,3396246,0,1904870793.0,79587976.0,4374311.0,10952289.0,2804876901.0,102281441.0,9520716.0,30316868.0,-39830364.0,-1907115,--,100381546.0,14346729,114728275.0,0.0,200000000.0,10.01,,--,
2015,03,2889,國票金控,2164260.0,19.0,98875233.0,96602864.0,--,250000,15062965.0,834750.0,--,--,--,692519,1545667,--,4854189.0,--,1928278.0,454966.0,63643.0,1035047.0,224364400.0,--,24652632,278173.0,--,146822214.0,7707873,7728559.0,145755.0,--,--,--,--,--,1415713.0,1490927.0,24164.0,249147.0,190515157.0,27664862.0,7544.0,2488265.0,375163.0,-690136,--,29845698.0,4003545,33849243.0,0.0,75700000.0,11.09,,0,
2015,03,2890,永豐金控,29748086.0,93214787.0,104728115.0,216170481.0,--,9290294,133527656.0,278664.0,--,854279812,--,68123626,467218,--,49996020.0,1765684,13504753.0,2772539.0,3002048.0,16505095.0,1597374878.0,85905039,--,28596233.0,64989,34226972.0,25302967,42051493.0,368627.0,--,1141165636,42577987,23695522,18437,3172513.0,31441621.0,1771078.0,7120018.0,1467479132.0,101679807.0,2227009.0,23576025.0,2352980.0,0,--,129835821.0,59925,129895746.0,0.0,0.0,12.77,,--,
2015,03,2891,中信金,108589927.0,325125629.0,139757642.0,693663496.0,82418,3391373,161055851.0,2092129.0,6323343,2028595621,356083,160066714,2557195,--,256415134.0,6882248,49831138.0,17101135.0,8696009.0,54508364.0,4025091449.0,36238358,36590872,129754277.0,1454044,51695716.0,7152371,80071419.0,3299851.0,--,2693046441,120476032,--,--,411929680.0,204110495.0,1426715.0,9429170.0,3786675441.0,164931213.0,23842348.0,58902340.0,-8760056.0,-582754,--,238333091.0,82917,238416008.0,0.0,27168000.0,14.47,,--,
2015,03,2892,第一金控,57669213.0,265607633.0,88817654.0,83087174.0,0,1546169,60413639.0,2624818.0,--,1460035616,8773,359558994,2524204,--,44053517.0,9813037,27704757.0,361431.0,1775977.0,4052586.0,2469655192.0,137110055,66278,30065192.0,0,5969031.0,11367509,77021793.0,3189358.0,--,1892177101,46000000,4912165,--,12108226.0,53991938.0,5772312.0,5137008.0,2284887966.0,114611064.0,25916221.0,35085938.0,8782735.0,--,--,184395958.0,371268,184767226.0,0.0,0.0,16.09,,0,
2015,03,5880,合庫金,58568763.0,697586788.0,57186531.0,144503373.0,--,2106046,25554643.0,1145743.0,--,1945102596,20896,42120669,121640,--,188365787.0,2984231,39917258.0,3696516.0,1171229.0,4787225.0,3214939934.0,235118335,--,17945383.0,--,48664432.0,14724633,53137426.0,871863.0,--,2441572779,69610000,1915853,--,55889644.0,83424275.0,3702034.0,1909249.0,3028485906.0,110722290.0,57964343.0,13555358.0,669517.0,--,--,182911508.0,3542520,186454028.0,0.0,0.0,16.52,,--,
2015,04,2880,華南金,39189783.0,257536539.0,63497701.0,94537729.0,1679,478215,34978290.0,858262.0,--,1479452609,3239368,269363346,63224,--,59583095.0,9591967,32481139.0,496292.0,2270567.0,2668769.0,2350288574.0,85215804,--,18565366.0,35281,27460217.0,12541697,30454649.0,1968250.0,--,1917853865,48845006,975000,--,17808362.0,24310651.0,6125912.0,5059187.0,2197219247.0,99063042.0,17758986.0,35132790.0,1112981.0,--,--,153067799.0,1528,153069327.0,0.0,0.0,15.45,,--,
2015,04,2881,富邦金,208836603.0,216023430.0,177305204.0,1638251176.0,1156569,102275630,143813875.0,1624664.0,50840,1677221207,15821690,320507861,24068390,--,1107998645.0,171286794,54572490.0,30298621.0,11710969.0,84643156.0,5987467814.0,141766219,4577611,111348712.0,2188523,122117688.0,1279520,73109007.0,5718154.0,--,2040556450,151622704,1250000,--,2747161664.0,173721796.0,14247518.0,20725715.0,5611391281.0,102336040.0,74460529.0,211603298.0,-20778140.0,--,--,367621727.0,8454806,376076533.0,0.0,0.0,35.92,,0,
2015,04,2882,國泰金,191780120.0,100169436.0,296117926.0,1486393125.0,447326,55880471,141665344.0,4323586.0,0,1766476353,7000785,81708446,25500488,--,2790400892.0,381149809,97488736.0,56943768.0,14425707.0,71102715.0,7568975033.0,41226909,0,137471418.0,0,55523982.0,35677634,43680334.0,946549.0,--,1854495831,71800000,--,--,4262002527.0,549564053.0,34775271.0,20748323.0,7107912831.0,125632102.0,88781174.0,230195428.0,10448290.0,0,0,455056994.0,6005208,461062202.0,0.0,0.0,36.22,,0,
2015,04,2883,開發金,25090329.0,87125284.0,157780085.0,70643015.0,--,52622253,100754149.0,990101.0,--,217780328,--,402564,10775665,29776730,59869095.0,2048311,14717160.0,8584490.0,5561925.0,22197691.0,866719175.0,10024399,--,39898179.0,0,119611868.0,13139202,57152044.0,911029.0,--,325312132,28618692,21809459,--,1419454.0,65475084.0,1460166.0,13116729.0,697948437.0,151125441.0,654803.0,18507160.0,-2746831.0,-2376747,--,165163826.0,3606912,168770738.0,137038.0,323231938.0,11.17,,--,
2015,04,2884,玉山金控,36710732.0,67401915.0,349603244.0,131281637.0,0,896844,78562234.0,104.0,0,1021994720,0,5289839,0,0,43697797.0,461799,26792354.0,5953922.0,500739.0,6136051.0,1775283931.0,71170130,0,35875595.0,0,8034391.0,2279200,21441650.0,1144949.0,0,1456393949,50750000,1269940,0,499097.0,1319959.0,1288004.0,2156169.0,1653623033.0,79517000.0,20501164.0,18253944.0,2654998.0,0,0,120927106.0,733792,121660898.0,0.0,0.0,15.21,,0,
2015,04,2885,元大金,41773169.0,80771635.0,364746108.0,136286218.0,--,27052332,118698145.0,2071128.0,0,485843127,389969,83479054,2054034,2222031,127723229.0,6396805,17311422.0,26198945.0,5868618.0,22259233.0,1551145202.0,32744363,--,96786712.0,--,154992859.0,4762459,140516925.0,3626180.0,--,625561930,58044635,29166061,--,129403232.0,53530171.0,4150542.0,20495083.0,1353781152.0,107129605.0,35845672.0,31461740.0,7870765.0,-197606,--,182110176.0,15253874,197364050.0,0.0,15621000.0,17.02,,0,
2015,04,2886,兆豐金,152871868.0,499296918.0,182036664.0,346461364.0,--,7079210,175747221.0,2307563.0,0,1773269054,3308814,201233939,2976409,--,17189576.0,1368553,21834486.0,299644.0,4716552.0,6520471.0,3398518306.0,428405839,45459095,22980692.0,--,192936650.0,19945870,63623826.0,10517577.0,--,2230143429,41878505,2280000,--,22917606.0,10720861.0,2195423.0,11057625.0,3105062998.0,135998240.0,68194233.0,88373007.0,838599.0,0,--,293404079.0,51229,293455308.0,0.0,0.0,21.57,,0,
2015,04,2887,台新金控,22250463.0,46840901.0,119742250.0,290124810.0,0,2978852,104718618.0,389782.0,--,834605345,--,5110,34986174,--,11074488.0,891781,18234698.0,2022001.0,3517778.0,27847591.0,1520230642.0,64689878,--,49915794.0,--,80211187.0,2672740,21115147.0,625188.0,--,1040466391,75000000,9455210,--,1020107.0,47180126.0,57347.0,2861598.0,1395270713.0,95855246.0,10220503.0,18825174.0,-71305.0,--,0,124829618.0,130311,124959929.0,467500.0,0.0,13.02,,--,
2015,04,2888,新光金,38017870.0,145365213.0,134831661.0,338024273.0,--,8824149,63485909.0,3820392.0,4570798,678732275,--,379050847,10788,--,973261498.0,106536945,27824948.0,2860372.0,17354895.0,40498084.0,2963070917.0,7644855,--,30717056.0,--,40324706.0,1299811,36099507.0,94535.0,--,639387307,33740811,3337793,0,1946423251.0,80129228.0,7893102.0,12845623.0,2839937585.0,102281441.0,9557397.0,31219601.0,-32821415.0,-1907115,--,108329909.0,14803423,123133332.0,0.0,200000000.0,10.8,,0,
2015,04,2889,國票金控,2734098.0,120050.0,127070694.0,102316875.0,--,9998,15740911.0,851436.0,--,--,--,987991,1588668,--,4884159.0,--,1920318.0,366123.0,110489.0,1479000.0,260180810.0,--,12947067,269914.0,--,193195917.0,7900802,7458154.0,190741.0,--,--,--,--,--,1447804.0,1438599.0,30732.0,920019.0,225799749.0,27664862.0,7544.0,2842712.0,645859.0,-807476,--,30353501.0,4027560,34381061.0,0.0,90000000.0,11.34,,0,
2015,04,2890,永豐金控,28056696.0,92897887.0,115223185.0,198608674.0,--,11121490,108175419.0,260197.0,--,879165818,--,69118675,449707,--,46102980.0,2383510,12960235.0,2702649.0,2940812.0,17436717.0,1587604651.0,61329958,--,30188309.0,42569,44552287.0,31704540,30997414.0,356048.0,--,1148614361,43428046,21306475,18437,3342224.0,30376080.0,1716199.0,7916877.0,1455889824.0,101679807.0,2227009.0,25256910.0,2491658.0,0,--,131655384.0,59443,131714827.0,0.0,0.0,12.95,,--,
2015,04,2891,中信金,114274285.0,402006003.0,156618285.0,658449447.0,107526,12429243,167982197.0,2225770.0,0,2080161690,3613292,224773310,16320924,--,573190852.0,23977131,64494739.0,23284911.0,11033621.0,61283528.0,4596226754.0,45634274,27925966,133194426.0,441428,58259113.0,11693753,69748378.0,3635535.0,--,2699802159,109220573,--,2030000,940212902.0,204158705.0,2196953.0,10478343.0,4318632508.0,180547806.0,36654760.0,68814732.0,-7927403.0,-582754,--,277507141.0,87105,277594246.0,0.0,27168000.0,15.39,,--,
2015,04,2892,第一金控,48061649.0,256445207.0,91955343.0,97524872.0,0,1546214,75766364.0,1660099.0,--,1480206723,11601,356817150,2466210,--,43438680.0,9808721,27749830.0,410793.0,1881042.0,4345314.0,2500095812.0,129174491,63088,30345870.0,0,6319156.0,11984234,69344867.0,2485846.0,--,1947197924,42300000,2509227,--,12895441.0,45779650.0,5750527.0,5958505.0,2312108826.0,114611064.0,25916221.0,38461016.0,8651604.0,--,--,187639905.0,347081,187986986.0,0.0,0.0,16.37,,0,
2015,04,5880,合庫金,43753654.0,706456442.0,37138694.0,152087557.0,--,1346831,23484726.0,1217277.0,--,1981115609,27088,45199348,122023,--,191284181.0,3570167,39485980.0,3683142.0,1328980.0,3793581.0,3235095280.0,204595814,--,15513219.0,--,51141231.0,15557051,38665035.0,1349570.0,--,2502775090,69610000,851606,--,54947799.0,84646193.0,3529676.0,1591110.0,3044773394.0,110722290.0,57964343.0,16218733.0,1689065.0,--,--,186594431.0,3727455,190321886.0,0.0,0.0,16.85,,--,
