年,季,公司代號,公司名稱,現金及約當現金,存放央行及拆借銀行同業,透過損益按公允價值衡量之金融資產,避險之衍生金融資產淨額,附賣回票券及債券投資淨額,應收款項－淨額,當期所得稅資產,待出售資產－淨額,貼現及放款－淨額,備供出售金融資產－淨額,持有至到期日金融資產－淨額,採用權益法之投資－淨額,受限制資產－淨額,其他金融資產－淨額,不動產及設備－淨額,投資性不動產投資－淨額,無形資產－淨額,遞延所得稅資產,其他資產－淨額,資產總額,央行及銀行同業存款,央行及同業融資,透過損益按公允價值衡量之金融負債,避險之衍生金融負債－淨額,附買回票券及債券負債,應付款項,當期所得稅負債,與待出售資產直接相關之負債,存款及匯款,應付金融債券,應付公司債,特別股負債,其他金融負債,負債準備,遞延所得稅負債,其他負債,負債總額,股本,資本公積,保留盈餘,其他權益,庫藏股票,歸屬於母公司業主之權益合計,共同控制下前手權益,合併前非屬共同控制股權,非控制權益,權益總額,母公司暨子公司所持有之母公司庫藏股股數（單位：股）,預收股款（權益項下）之約當發行股數（單位：股）,每股參考淨值,Unnamed: 52,待註銷股本股數（單位：股）,Unnamed: 53
2013,01,2801,彰化銀行,38492895.0,102997033.0,37696858.0,94314.00,--,14258585.0,526761.00,--,1126033491.00,52551730.0,186764462.00,--,--,13256082.0,24109822.0,10823891.00,84918.00,4189333.0,2027670.0,1613907845.0,101513903.0,--,2548646.0,--,6228731.00,31768473.0,276951.00,--,1312604835.00,38441365.00,--,--,1804066.00,3614090.0,6216070.00,1728113.0,1506745243.0,72421114.0,--,34772737.0,-31249.0,--,107162602.00,--,--,0.00,107162602.0,0.0,0.0,14.8,,,
2013,01,2809,京城銀行,4973158.0,41739321.0,2399487.0,--,3183110.00,885823.0,--,--,99239403.00,15997978.0,6104305.00,--,--,20046628.0,2781023.0,--,--,432852.0,358367.0,198141455.0,9973369.0,4033125.00,10710.0,--,16784338.00,2215718.0,532771.00,--,141221128.00,0.00,--,--,3541.00,512646.0,82026.00,259021.0,175628393.0,12012343.0,178746.00,9481809.0,840164.0,0.00,22513062.00,--,--,0.00,22513062.0,0.0,0.0,18.74,,,
2013,01,2812,台中銀行,9582076.0,67404556.0,12781026.0,0.00,4363781.00,4548945.0,57466.00,0.00,324668418.00,19228078.0,8027954.00,132993.00,99004.00,1132063.0,3444870.0,0.00,83658.00,340195.0,1095897.0,456990980.0,5849839.0,3751408.00,59925.0,0.00,482833.00,8574617.0,398910.00,0.00,394948794.00,13557060.00,0.00,0.00,14555.00,252133.0,111021.00,293307.0,428294402.0,23187442.0,675537.00,4746970.0,86629.0,0.00,28696578.00,--,--,0.00,28696578.0,0.0,0.0,12.38,,,
2013,01,2820,華票,251310.0,0.0,92708149.0,--,3001026.00,1547652.0,0.00,--,--,73956006.0,6253328.00,--,--,505126.0,165297.0,--,--,107944.0,920399.0,179416237.0,11390788.0,--,8388.0,--,144569578.00,539056.0,117403.00,--,--,--,--,--,--,1268055.0,4199.00,53019.0,157950486.0,13429600.0,2474.00,7618119.0,415558.0,--,--,--,--,--,21465751.0,0.0,0.0,15.98,,,
2013,01,2834,臺灣企銀,28386593.0,71916035.0,9321714.0,--,6174934.00,14151463.0,615706.00,--,953569238.00,12267138.0,179655362.00,--,--,3546554.0,14388025.0,--,194479.00,1973307.0,1886904.0,1298047452.0,90753087.0,--,234772.0,--,9622035.00,30965950.0,--,--,1047579149.00,48900000.00,--,--,11114035.00,2845429.0,880781.00,711659.0,1243606897.0,48982194.0,0.00,5540985.0,-82624.0,0.00,54440555.00,--,--,0.00,54440555.0,0.0,0.0,11.11,,,
2013,01,2836,高銀,3114391.0,23492696.0,1024102.0,--,2855036.00,1131803.0,35139.00,--,164242059.00,18952049.0,0.00,--,--,1615974.0,2752635.0,--,49204.00,127475.0,78981.0,219471544.0,14164887.0,--,2911.0,--,67743.00,3681461.0,12456.00,--,185836832.00,4000000.00,--,--,149954.00,762317.0,--,199536.0,208878097.0,7069476.0,2017724.00,1464380.0,41867.0,0.00,10593447.00,--,--,0.00,10593447.0,0.0,0.0,14.98,,,
2013,01,2838,聯邦銀行,9367275.0,73501977.0,10534114.0,--,11427060.00,13957298.0,124303.00,--,212324019.00,9097953.0,1008124.00,54304.00,--,54155457.0,7720825.0,2788483.00,2084091.00,3302045.0,6533030.0,417980358.0,6323913.0,--,84700.0,--,24942027.00,6994308.0,55492.00,--,343407692.00,5200000.00,--,--,1280249.00,796212.0,488552.00,2248377.0,391821522.0,20264396.0,32413.00,5268024.0,352111.0,--,25916944.00,--,--,241892.00,26158836.0,0.0,0.0,12.79,,,
2013,01,2845,遠東商銀,6371556.0,74135951.0,16572736.0,155165.00,21401374.00,18992254.0,--,--,294344680.00,11083079.0,2122081.00,2386971.00,--,12861386.0,2850477.0,--,1858762.00,825498.0,243166.0,466205136.0,24883359.0,--,4629395.0,5870.00,--,7067855.0,115634.00,--,374474563.00,25078247.00,--,--,1486268.00,710733.0,--,411749.0,438863673.0,22422596.0,22348.00,5064757.0,-168238.0,--,27341463.00,--,--,--,27341463.0,0.0,0.0,12.19,,,
2013,01,2847,大眾銀行,4715258.0,11263821.0,27507522.0,--,2612654.00,18352391.0,69141.00,--,273158012.00,95541365.0,--,--,257000.00,459409.0,3264453.0,--,2470623.00,2583338.0,1330006.0,443584993.0,16449811.0,--,8340857.0,7991.00,22961337.00,7935646.0,23054.00,--,334293099.00,15227887.00,0.00,1635380.00,5323711.00,554797.0,195881.00,283220.0,413232671.0,22477734.0,1981931.00,3399197.0,67263.0,-666648.00,27259477.00,--,--,3092845.00,30352322.0,69612536.0,0.0,12.51,,,
2013,01,2849,安泰銀行,3779148.0,73195614.0,13092210.0,--,3006238.00,6349653.0,184523.00,19472.00,209436472.00,59390348.0,--,--,--,553272.0,927820.0,--,254247.00,3930210.0,1092536.0,375211763.0,2091624.0,--,10431973.0,--,1126302.00,6965058.0,164803.00,--,316867801.00,11190000.00,--,1414865.00,516876.00,481581.0,14325.00,145769.0,351410977.0,16796775.0,1461505.00,5823215.0,-280709.0,0.00,23800786.00,--,--,0.00,23800786.0,0.0,0.0,14.17,,,
2013,02,2801,彰化銀行,41370838.0,106501686.0,51170561.0,82629.00,--,20401005.0,657175.00,--,1153777877.00,40367504.0,186465381.00,--,--,23332752.0,24055053.0,10822260.00,78119.00,3732798.0,2360756.0,1665176394.0,122014083.0,--,3010974.0,--,5955455.00,35115911.0,231869.00,--,1334200414.00,43308743.00,--,--,1099408.00,3557524.0,6205424.00,1886054.0,1556585859.0,77490592.0,--,31354282.0,-254339.0,0.00,108590535.00,--,--,--,108590535.0,0.0,0.0,14.99,,,
2013,02,2809,京城銀行,15124327.0,37355042.0,2074639.0,--,1365051.00,956109.0,--,--,102029302.00,17570859.0,6073327.00,--,--,22343226.0,2698236.0,--,--,393414.0,542785.0,208526317.0,13311246.0,5120400.00,155270.0,--,18156582.00,4088565.0,298475.00,--,145487479.00,0.00,--,--,2406.00,488343.0,79939.00,188295.0,187377000.0,12012343.0,178746.00,8504308.0,453920.0,0.00,21149317.00,--,--,0.00,21149317.0,0.0,0.0,17.61,,,
2013,02,2812,台中銀行,9821772.0,66605446.0,13870783.0,0.00,4380862.00,5207362.0,56589.00,0.00,345620987.00,19358300.0,3688457.00,132232.00,81443.00,1142323.0,3434225.0,0.00,91297.00,358290.0,952991.0,474803359.0,9900983.0,3266172.00,47291.0,0.00,262811.00,9248772.0,212084.00,0.00,408224418.00,13504169.00,0.00,0.00,42277.00,255943.0,111021.00,322931.0,445398872.0,24868532.0,675537.00,3750836.0,109582.0,0.00,29404487.00,--,--,0.00,29404487.0,0.0,0.0,12.68,,,
2013,02,2820,華票,572524.0,75300.0,106758435.0,--,1879159.00,1239811.0,0.00,--,--,71226913.0,4222359.00,--,--,205128.0,164520.0,--,--,106222.0,918997.0,187369368.0,11660000.0,--,3711.0,--,152264796.00,1428370.0,86066.00,--,--,--,--,--,--,1268055.0,0.00,77826.0,166788824.0,13429600.0,2474.00,6772351.0,376119.0,0.00,--,0.00,--,--,20580544.0,0.0,0.0,15.32,,,
2013,02,2834,臺灣企銀,26164131.0,71729231.0,5446914.0,--,4635892.00,16450360.0,625611.00,--,959036727.00,13086769.0,183710389.00,--,--,3548163.0,14320024.0,--,190330.00,1950156.0,4080020.0,1304974717.0,83721075.0,--,273346.0,--,10541939.00,32294018.0,--,--,1058265538.00,48900000.00,--,--,11050684.00,2852725.0,879964.00,1067125.0,1249846414.0,50941482.0,0.00,4390925.0,-204104.0,0.00,55128303.00,0.00,--,0.00,55128303.0,0.0,0.0,11.25,,,
2013,02,2836,高銀,4491232.0,23610308.0,1271966.0,--,2793780.00,1060425.0,19862.00,--,167705160.00,17192061.0,0.00,--,--,1622826.0,2761088.0,--,49446.00,138484.0,63669.0,222780307.0,12375599.0,--,1700.0,--,67838.00,3174597.0,25617.00,--,191536847.00,4000000.00,--,--,145615.00,785327.0,--,161740.0,212274880.0,7210492.0,2016605.00,1405368.0,-127038.0,--,10505427.00,--,--,0.00,10505427.0,0.0,0.0,14.86,,,
2013,02,2838,聯邦銀行,9330731.0,65617692.0,9074173.0,--,15025002.00,13839581.0,143411.00,--,222549591.00,8962220.0,807958.00,54308.00,--,57455539.0,7683408.0,2784856.00,2079793.00,3187876.0,6573519.0,425169658.0,6162175.0,--,67489.0,--,26064401.00,6423665.0,46207.00,--,349278244.00,5200000.00,--,--,1476791.00,751704.0,524315.00,2313600.0,398308591.0,22167126.0,32413.00,3989325.0,427232.0,0.00,26616096.00,--,--,244971.00,26861067.0,0.0,0.0,13.13,,,
2013,02,2845,遠東商銀,6516586.0,75136585.0,16400551.0,138009.00,8636162.00,21608747.0,--,--,314135911.00,18201156.0,2699776.00,2343178.00,--,13237628.0,2844442.0,--,1849476.00,734573.0,207910.0,484690690.0,24038777.0,--,4728043.0,8081.00,--,8033182.0,53817.00,--,392562649.00,25114152.00,--,--,1161403.00,719276.0,--,438742.0,456858122.0,23621182.0,34923.00,4387806.0,-211343.0,--,27832568.00,--,--,--,27832568.0,0.0,0.0,12.41,,,
2013,02,2847,大眾銀行,4982647.0,11787747.0,29527222.0,--,1707213.00,19314416.0,107843.00,--,270407004.00,93850778.0,--,--,247000.00,444880.0,3296954.0,--,2446330.00,2465957.0,2229566.0,442815557.0,16629786.0,--,8903402.0,6888.00,19185957.00,7256280.0,26069.00,--,336352736.00,15329932.00,0.00,1635380.00,5099270.00,602131.0,140521.00,241163.0,411409515.0,23897922.0,1990828.00,3135667.0,-33736.0,-665884.00,28324797.00,--,--,3081245.00,31406042.0,69529545.0,0.0,13.0,,,
2013,02,2849,安泰銀行,6511031.0,74561708.0,15862365.0,--,2005492.00,10635040.0,184523.00,19472.00,210333948.00,76321256.0,--,--,--,584522.0,916031.0,--,278243.00,3794022.0,2199952.0,404207605.0,17630768.0,--,9639424.0,--,8706759.00,9775930.0,149726.00,--,321457266.00,10000000.00,--,1414865.00,497335.00,482542.0,45047.00,254246.0,380053908.0,16796775.0,1461505.00,6773476.0,-878059.0,0.00,24153697.00,--,--,0.00,24153697.0,0.0,0.0,14.38,,,
2013,03,2801,彰化銀行,29667692.0,128226759.0,59618939.0,70694.00,--,19617919.0,724864.00,--,1129305225.00,40286461.0,186430969.00,--,--,28760115.0,24012354.0,10820530.00,73985.00,3362675.0,1944976.0,1662924157.0,108015993.0,--,2629775.0,--,5232947.00,30338648.0,269874.00,--,1349797857.00,43249966.00,--,--,1108648.00,3555364.0,6245561.00,1969105.0,1552413738.0,77490592.0,--,33679631.0,-659804.0,0.00,110510419.00,--,--,--,110510419.0,0.0,0.0,14.26,,,
2013,03,2809,京城銀行,14706527.0,37504987.0,1685857.0,--,494238.00,1079858.0,--,--,105591572.00,34297998.0,6046356.00,--,--,6814059.0,2690649.0,--,--,291529.0,496596.0,211700226.0,16225735.0,4747200.00,37340.0,--,19602330.00,1254503.0,196010.00,--,146065527.00,0.00,--,--,4126.00,457139.0,77857.00,162465.0,188830232.0,12012343.0,178746.00,9608813.0,1070092.0,0.00,22869994.00,--,--,0.00,22869994.0,0.0,0.0,19.04,,,
2013,03,2812,台中銀行,5867110.0,68625211.0,12197986.0,0.00,5027475.00,5293086.0,56589.00,0.00,356225597.00,19215539.0,3258187.00,133245.00,190217.00,1156488.0,3410837.0,0.00,89839.00,305933.0,1004341.0,482057680.0,12913695.0,4122435.00,57724.0,0.00,254048.00,4777511.0,135138.00,0.00,415456219.00,13512483.00,0.00,0.00,44899.00,259498.0,111021.00,369012.0,452013683.0,24868532.0,675537.00,4537893.0,-37965.0,0.00,30043997.00,--,--,0.00,30043997.0,0.0,0.0,12.08,,,
2013,03,2820,華票,298035.0,74175.0,104212254.0,--,2976000.00,1400504.0,58488.00,--,--,68589019.0,2506542.00,--,--,180128.0,163021.0,--,--,114242.0,928318.0,181500726.0,13500000.0,--,1199.0,--,145309810.00,630720.0,0.00,--,--,--,--,--,--,1268055.0,0.00,73422.0,160783206.0,13429600.0,2474.00,6998737.0,286709.0,0.00,--,0.00,--,--,20717520.0,0.0,0.0,15.43,,,
2013,03,2834,臺灣企銀,23448793.0,62569481.0,4087650.0,--,200680.00,14761344.0,657201.00,--,986326723.00,13619143.0,189937865.00,--,--,3234745.0,14350358.0,--,189681.00,1907038.0,2127762.0,1317418464.0,84242254.0,20000.00,225575.0,--,8428165.00,21035688.0,--,--,1084017939.00,45450000.00,--,--,13486086.00,2889567.0,879754.00,815184.0,1261490212.0,50941482.0,0.00,5073391.0,-86621.0,0.00,55928252.00,0.00,--,0.00,55928252.0,0.0,0.0,10.98,,,
2013,03,2836,高銀,3541790.0,21764298.0,1839457.0,--,6709790.00,850076.0,19862.00,--,171433496.00,18158921.0,0.00,--,--,1584714.0,2752202.0,--,45294.00,141896.0,92703.0,228934499.0,11852003.0,--,1946.0,--,67887.00,3584745.0,26547.00,--,195648326.00,6000000.00,--,--,142783.00,810211.0,--,147116.0,218281564.0,7210492.0,2016605.00,1513296.0,-87458.0,--,10652935.00,--,--,0.00,10652935.0,0.0,0.0,14.77,,,
2013,03,2838,聯邦銀行,7029578.0,67420653.0,9761056.0,--,18111747.00,14339830.0,190572.00,--,231331630.00,8004718.0,415748.00,54251.00,--,57130970.0,7655632.0,2781229.00,2079761.00,3078741.0,6514149.0,435900265.0,5332034.0,--,64619.0,--,24803635.00,5139108.0,41441.00,--,360297952.00,5200000.00,--,--,3847769.00,753004.0,527282.00,2333730.0,408340574.0,22165251.0,34288.00,4665264.0,445488.0,--,27310291.00,--,--,249400.00,27559691.0,0.0,0.0,12.32,,,
2013,03,2845,遠東商銀,4488898.0,79374297.0,18635068.0,120853.00,11003406.00,21604064.0,--,--,316949779.00,16639829.0,2647545.00,2331771.00,--,11833978.0,2817135.0,--,1840190.00,669368.0,210504.0,491166685.0,25027428.0,--,5708838.0,10320.00,--,11477111.0,60296.00,--,392644362.00,25055638.00,--,--,1486065.00,714972.0,--,489645.0,462674675.0,23621182.0,34923.00,5260972.0,-425067.0,--,28492010.00,--,--,--,28492010.0,0.0,0.0,12.06,,,
2013,03,2847,大眾銀行,3973523.0,14426784.0,28069297.0,--,2453103.00,20893117.0,143767.00,--,268041089.00,92129330.0,--,--,262000.00,453551.0,3312737.0,--,2431641.00,2441043.0,1603654.0,440634636.0,20684929.0,--,7179414.0,5582.00,22914815.00,7653141.0,25722.00,--,326151578.00,15436182.00,0.00,1635380.00,5514378.00,588066.0,198904.00,577334.0,408565425.0,23897922.0,1999733.00,3666341.0,63488.0,-665884.00,28961600.00,--,--,3107611.00,32069211.0,69962456.0,0.0,12.48,,,
2013,03,2849,安泰銀行,3766458.0,77584094.0,15144253.0,--,1550001.00,6614105.0,184523.00,0.00,191332996.00,60666995.0,--,--,--,729520.0,895879.0,--,267415.00,3725296.0,2229840.0,364691375.0,8675927.0,--,9602035.0,--,5373337.00,5852312.0,90018.00,--,298190304.00,10000000.00,--,1414865.00,625273.00,483663.0,26069.00,167637.0,340501440.0,16796775.0,1461505.00,6776301.0,-844646.0,0.00,24189935.00,--,--,0.00,24189935.0,0.0,0.0,14.4,,,
2013,04,2801,彰化銀行,46802014.0,84798723.0,60001473.0,62494.00,--,20208734.0,780220.00,--,1142867165.00,37884111.0,226989182.00,--,--,39272679.0,23935458.0,10937868.00,80006.00,3107599.0,2327815.0,1700055541.0,126829032.0,--,1715364.0,--,4504591.00,25233888.0,125334.00,--,1372890099.00,43322818.00,--,--,672028.00,3673201.0,6461749.00,2224107.0,1587652211.0,77490592.0,--,35279846.0,-367108.0,0.00,112403330.00,--,--,--,112403330.0,0.0,0.0,14.51,,,
2013,04,2809,京城銀行,16328494.0,37713306.0,1544550.0,--,248029.00,1251865.0,--,--,107542844.00,33337378.0,6017544.00,--,--,6642016.0,2682595.0,--,--,222352.0,466658.0,213997631.0,15445318.0,3833600.00,93311.0,--,22652181.00,1079473.0,243698.00,--,145581326.00,0.00,--,--,1177.00,513153.0,79436.00,166984.0,189689657.0,12012343.0,178746.00,10689749.0,1427136.0,0.00,24307974.00,--,--,0.00,24307974.0,0.0,0.0,20.24,,,
2013,04,2812,台中銀行,5590728.0,75496734.0,12195016.0,--,4550801.00,6485651.0,57372.00,0.00,362916674.00,19197158.0,3340584.00,142654.00,164290.00,1158259.0,3416335.0,--,97380.00,391478.0,1011621.0,496212735.0,8341508.0,4968239.00,74800.0,--,358769.00,4420341.0,292018.00,--,429704469.00,16042869.00,--,--,111741.00,348829.0,111021.00,400541.0,465175145.0,25345339.0,675435.00,5050993.0,-34177.0,--,31037590.00,--,--,--,31037590.0,0.0,0.0,12.25,,,
2013,04,2820,華票,286036.0,82362.0,111604771.0,--,1358800.00,1511909.0,88107.00,--,--,70195578.0,1844679.00,--,--,178792.0,166064.0,--,--,100354.0,921362.0,188338814.0,14220000.0,--,4315.0,--,150704136.00,1047266.0,0.00,--,--,--,--,--,--,1303496.0,0.00,111275.0,167390488.0,13429600.0,2474.00,7205420.0,310832.0,--,--,--,--,--,20948326.0,0.0,0.0,15.6,,,
2013,04,2834,臺灣企銀,32244163.0,68296127.0,2974594.0,--,20870025.00,14303296.0,546319.00,--,958077590.00,13045318.0,194434171.00,--,--,3325207.0,14298731.0,--,180839.00,2021651.0,1750045.0,1326368076.0,79079753.0,13000.00,280882.0,--,4199242.00,19752202.0,--,--,1095420273.00,51450000.00,--,--,14153582.00,3113241.0,880712.00,771621.0,1269114508.0,50941482.0,0.00,6408324.0,-96238.0,0.00,57253568.00,0.00,--,0.00,57253568.0,0.0,0.0,11.24,,,
2013,04,2836,高銀,3329141.0,23220274.0,1590421.0,--,3460558.00,757500.0,19862.00,--,178261475.00,19249602.0,0.00,--,--,1566331.0,2744082.0,--,41315.00,133821.0,58981.0,234433363.0,15024665.0,--,5621.0,--,68019.00,2747219.0,9811.00,--,198689944.00,6000000.00,--,--,138703.00,855490.0,--,144849.0,223684321.0,7210492.0,2016605.00,1608002.0,-86057.0,--,10749042.00,--,--,0.00,10749042.0,0.0,0.0,14.91,,,
2013,04,2838,聯邦銀行,8227163.0,70874052.0,10115316.0,--,20237019.00,13917483.0,160672.00,--,227974804.00,8711283.0,440233.00,54294.00,--,57559287.0,7644442.0,2777603.00,2049795.00,2992503.0,6419023.0,440154972.0,5315113.0,--,16006.0,--,24582657.00,4267543.0,18954.00,--,364084582.00,7400000.00,--,--,2180986.00,769416.0,574580.00,2264761.0,411474598.0,22165251.0,34288.00,5391915.0,831878.0,--,28423332.00,--,--,257042.00,28680374.0,0.0,0.0,12.82,,,
2013,04,2845,遠東商銀,4397645.0,88827255.0,18795444.0,111034.00,23006325.00,20672272.0,--,--,292517032.00,21735693.0,3105972.00,2365826.00,--,11226390.0,2814164.0,--,1830904.00,576972.0,206250.0,492189178.0,13782129.0,--,7288065.0,12631.00,--,13502992.0,10870.00,--,398305940.00,27103885.00,--,--,2060491.00,754125.0,--,414966.0,463236094.0,23621182.0,34923.00,5595176.0,-298197.0,--,28953084.00,--,--,--,28953084.0,0.0,0.0,12.26,,,
2013,04,2847,大眾銀行,11499051.0,19692796.0,28126082.0,--,2520667.00,22286982.0,163088.00,--,263546113.00,94400239.0,--,--,282000.00,1365895.0,3342534.0,--,2413667.00,2395832.0,1342639.0,453377585.0,20122998.0,--,6868114.0,5449.00,20047967.00,8598196.0,60684.00,--,340511249.00,15542432.00,0.00,1635380.00,6144103.00,605434.0,188708.00,363548.0,420694262.0,23897922.0,2012287.00,4089586.0,171552.0,-649773.00,29521574.00,--,--,3161749.00,32683323.0,68099875.0,0.0,12.72,,,
2013,04,2849,安泰銀行,4193198.0,67398842.0,16697537.0,--,1773334.00,6371080.0,184523.00,0.00,185828247.00,58058353.0,--,--,--,786193.0,928296.0,--,259158.00,3553076.0,2214873.0,348246710.0,15404398.0,--,9758288.0,--,3994956.00,4336783.0,47450.00,--,276629149.00,10000000.00,--,1414865.00,883607.00,389638.0,45124.00,109688.0,323013946.0,16796775.0,1461505.00,7737481.0,-762997.0,0.00,25232764.00,--,--,0.00,25232764.0,0.0,0.0,15.02,,,
2014,01,2801,彰化銀行,41583345.0,94106875.0,50934446.0,51396.00,--,19031022.0,681902.00,--,1196346724.00,41566681.0,180965153.00,--,--,82853988.0,23983046.0,10936253.00,528621.00,3089246.0,2075486.0,1748734184.0,141424330.0,--,2072417.0,--,4761310.00,24700595.0,356397.00,--,1400619906.00,43306757.00,--,--,2978594.00,3708994.0,6727704.00,2402718.0,1633059722.0,77490592.0,--,38380193.0,-196323.0,0.00,115674462.00,--,--,--,115674462.0,0.0,0.0,14.93,,0.00,
2014,01,2809,京城銀行,15990401.0,36105402.0,2002949.0,--,305974.00,1194785.0,--,--,112310033.00,39060345.0,5995822.00,--,--,5600715.0,2677055.0,--,--,194054.0,484506.0,221922041.0,16349577.0,3661200.00,41324.0,--,26283507.00,859288.0,377509.00,--,147569387.00,--,--,--,875.00,497653.0,83534.00,185788.0,195909642.0,12012343.0,178746.00,11954686.0,1866624.0,0.00,26012399.00,--,--,0.00,26012399.0,0.0,0.0,21.65,,--,
2014,01,2812,台中銀行,6822191.0,73210631.0,22584544.0,--,5175963.00,6507928.0,57658.00,--,364058995.00,18813341.0,922043.00,143169.00,3188638.00,1124534.0,3403597.0,--,119076.00,447118.0,1482314.0,508061740.0,13825027.0,3947276.00,48383.0,--,260888.00,3919464.0,410802.00,--,436450224.00,15259692.00,--,--,110705.00,371162.0,111021.00,445742.0,475160386.0,26130472.0,678749.00,6087832.0,4301.0,0.00,32901354.00,--,--,0.00,32901354.0,0.0,0.0,12.81,,0.00,
2014,01,2820,華票,625782.0,0.0,113358921.0,--,3099865.00,1437526.0,83272.00,--,--,70637017.0,1293625.00,--,--,178792.0,165284.0,--,--,96651.0,915288.0,191892023.0,14820000.0,--,5154.0,--,153852317.00,479525.0,0.00,--,--,--,--,--,--,1303496.0,0.00,86629.0,170547121.0,13429600.0,2474.00,7592055.0,320773.0,0.00,--,--,--,--,21344902.0,0.0,0.0,15.89,,--,
2014,01,2834,臺灣企銀,54807641.0,64061979.0,4159365.0,--,12189769.00,14257343.0,394339.00,--,947640616.00,13742424.0,196474172.00,--,--,3307516.0,14230680.0,--,172307.00,2010802.0,2524296.0,1329973249.0,88817440.0,18000.00,247827.0,--,5043669.00,18600516.0,--,--,1089516672.00,50350000.00,--,--,14173147.00,3117940.0,879967.00,641877.0,1271407055.0,50941482.0,0.00,7620784.0,3928.0,0.00,58566194.00,0.00,--,0.00,58566194.0,0.0,0.0,11.5,,0.00,
2014,01,2836,高銀,4377069.0,25048428.0,2229086.0,--,8117720.00,901813.0,19862.00,--,169862034.00,20159459.0,758017.00,--,--,1556548.0,2783493.0,--,37989.00,133875.0,90712.0,236076105.0,12801371.0,--,4590.0,--,68091.00,2269631.0,20983.00,--,201654497.00,7200000.00,--,--,131303.00,866303.0,--,148415.0,225165184.0,7210492.0,2016605.00,1742784.0,-58960.0,0.00,10910921.00,--,--,0.00,10910921.0,0.0,0.0,15.13,,0.00,
2014,01,2838,聯邦銀行,9471640.0,72611947.0,18701731.0,--,17929638.00,13510866.0,183004.00,--,239995001.00,9420016.0,243232.00,182035.00,--,54188511.0,7702383.0,2773976.00,2046905.00,2816282.0,6409671.0,458186838.0,9502468.0,--,41484.0,--,29894365.00,3676718.0,30849.00,--,372384674.00,7400000.00,--,--,1996072.00,769479.0,560394.00,2304922.0,428561425.0,22165251.0,34288.00,6110869.0,1048954.0,--,29359362.00,--,--,266051.00,29625413.0,0.0,0.0,13.25,,0.00,
2014,01,2845,遠東商銀,5120930.0,78755499.0,20388010.0,86733.00,14124645.00,19187248.0,--,--,309768694.00,23408918.0,3099309.00,1595320.00,--,11779002.0,2795890.0,--,1821618.00,463261.0,204449.0,492599526.0,29133988.0,--,8135197.0,5033.00,--,7595347.0,19174.00,--,384426049.00,24186999.00,--,--,3747590.00,778142.0,--,466469.0,458493988.0,27271182.0,460684.00,6600091.0,-226419.0,--,34105538.00,--,--,--,34105538.0,0.0,0.0,12.51,,0.00,
2014,01,2847,大眾銀行,10359267.0,15162843.0,31949548.0,--,2668669.00,19686129.0,163216.00,--,270999262.00,89997329.0,--,--,282000.00,9316859.0,3326793.0,--,2389715.00,2348714.0,2558805.0,461209149.0,21922313.0,0.00,7859303.0,5427.00,24094693.00,7393870.0,82393.00,0.00,336480834.00,19153158.00,0.00,1635380.00,7395598.00,594132.0,230218.00,309558.0,427156877.0,23897922.0,2070288.00,4959276.0,243002.0,-365445.00,30805043.00,--,--,3247229.00,34052272.0,36369612.0,0.0,13.09,,0.00,
2014,01,2849,安泰銀行,6838687.0,68630587.0,17237873.0,--,1540197.00,8122508.0,184523.00,0.00,197113054.00,56772672.0,--,--,--,1246971.0,906726.0,--,248274.00,3489011.0,2260919.0,364592002.0,18571386.0,--,10112861.0,--,4926784.00,5877125.0,22750.00,--,286905907.00,10000000.00,--,1414865.00,105063.00,397372.0,64553.00,119858.0,338518524.0,16796775.0,1461505.00,8403886.0,-588688.0,0.00,26073478.00,--,--,0.00,26073478.0,0.0,0.0,15.52,,--,
2014,02,2801,彰化銀行,41302582.0,102420988.0,30651201.0,40385.00,--,22870866.0,618403.00,--,1200815138.00,44676384.0,183495709.00,--,--,91151168.0,23926695.0,10940114.00,523138.00,2503990.0,1889860.0,1757826621.0,142784426.0,447675.00,1555036.0,2292.00,4252643.0,30499390.0,245493.00,--,1396540089.00,53179189.00,--,--,1592064.00,3799961.0,6585233.00,2579178.0,1644062669.0,79040404.0,--,35048822.0,-325274.0,0.00,113763952.00,--,--,--,113763952.0,0.0,0.0,14.68,,0.0,
2014,02,2809,京城銀行,16088497.0,37340863.0,2194935.0,--,0.00,990053.0,--,--,113900506.00,39566057.0,5967533.00,--,--,5498451.0,2601102.0,--,--,212037.0,469532.0,224829566.0,12801094.0,3440225.00,4478.0,--,27305279.0,2648273.0,464864.00,--,150956639.00,--,--,--,635.00,479016.0,91843.00,72259.0,198264605.0,12012343.0,178746.00,11774003.0,2599869.0,--,26564961.00,--,--,0.00,26564961.0,0.0,0.0,22.11,,0.0,
2014,02,2812,台中銀行,5789532.0,77983758.0,12600082.0,0.00,1654260.00,7269704.0,57164.00,0.00,373932438.00,20292989.0,905695.00,141206.00,174243.00,1109973.0,3384419.0,0.00,118767.00,435015.0,1481027.0,507330272.0,11607909.0,3726573.00,41620.0,0.00,257493.0,4773387.0,251127.00,0.00,436821480.00,14400000.00,0.00,0.00,207979.00,374822.0,111021.00,509478.0,473082889.0,28515063.0,683751.00,5003896.0,44673.0,0.00,34247383.00,--,--,0.00,34247383.0,0.0,0.0,12.71,,0.0,
2014,02,2820,華票,391437.0,0.0,107429417.0,--,4174595.00,1378912.0,88202.00,--,--,71543913.0,993027.00,--,--,478795.0,165878.0,--,--,110181.0,912107.0,187666464.0,10900000.0,--,3385.0,--,152798031.0,1689790.0,24643.00,--,--,--,--,--,--,1399396.0,--,89994.0,166905239.0,13429600.0,2474.00,6965966.0,363185.0,0.00,--,0.00,--,--,20761225.0,0.0,0.0,15.46,,0.0,
2014,02,2834,臺灣企銀,59680401.0,62104139.0,3677312.0,--,7358299.00,16260645.0,283304.00,--,943363838.00,14198135.0,198686973.00,--,--,3322994.0,14176622.0,--,178744.00,2085053.0,1742823.0,1327119282.0,85680151.0,0.00,205850.0,--,4308188.0,20561268.0,--,--,1088278931.00,48200000.00,--,--,15177168.00,3060662.0,883160.00,996141.0,1267351519.0,52979141.0,0.00,6903529.0,-114907.0,0.00,59767763.00,0.00,--,0.00,59767763.0,0.0,0.0,11.73,,0.0,
2014,02,2836,高銀,4169126.0,25223954.0,3206587.0,--,8368138.00,1314569.0,2387.00,--,179655892.00,20898188.0,1642582.00,--,--,1435954.0,2776938.0,--,36375.00,133468.0,99076.0,248963234.0,11262224.0,--,1117.0,--,60975.0,2703087.0,5883.00,--,216499436.00,6200000.00,--,--,195579.00,885224.0,--,146973.0,237960498.0,7403514.0,1872395.00,1761379.0,-34552.0,--,11002736.00,--,--,0.00,11002736.0,0.0,0.0,15.26,,0.0,
2014,02,2838,聯邦銀行,7196373.0,70063670.0,19740150.0,--,17035858.00,14094643.0,202955.00,--,246402616.00,11471936.0,283562.00,180555.00,--,55256996.0,7703498.0,2770349.00,2048375.00,2667579.0,6364908.0,463484023.0,8349679.0,--,15669.0,--,32058172.0,3944243.0,24758.00,--,375452609.00,7400000.00,--,--,2082769.00,855981.0,544997.00,2332255.0,433061132.0,24508024.0,34288.00,4631819.0,985953.0,0.00,30160084.00,--,--,262807.00,30422891.0,0.0,0.0,13.61,,0.0,
2014,02,2845,遠東商銀,5574545.0,76242162.0,19396624.0,73318.00,11886034.00,21289391.0,--,--,326549020.00,24874389.0,4023179.00,1549262.00,--,9252304.0,2785291.0,--,1814275.00,696113.0,184965.0,506190872.0,23803386.0,--,8314422.0,5205.00,3193884.0,8684353.0,38112.00,--,400390200.00,24114395.00,--,--,1783373.00,782446.0,--,564080.0,471673856.0,28618263.0,462400.00,5662737.0,-226384.0,--,34517016.00,--,--,--,34517016.0,0.0,0.0,12.66,,0.0,
2014,02,2847,大眾銀行,5936759.0,10599357.0,29793388.0,--,2709115.00,21186107.0,164143.00,--,275410205.00,89871322.0,--,--,330115.00,15739199.0,3310831.0,--,2375105.00,2285686.0,2743908.0,462455240.0,21637936.0,--,7911370.0,4822.00,24213055.0,7337192.0,87394.00,--,336104173.00,19265114.00,--,1635380.00,8575433.00,591783.0,224300.00,333671.0,427921623.0,25805739.0,2077119.00,3616009.0,236942.0,-365445.00,31370364.00,--,--,3163253.00,34533617.0,36369612.0,0.0,13.33,,0.0,
2014,02,2849,安泰銀行,6933386.0,68292316.0,5722605.0,--,592906.00,8404841.0,255043.00,0.00,192328198.00,57575710.0,--,--,--,537521.0,947840.0,--,239088.00,3319934.0,2136224.0,347285612.0,13623757.0,--,10003420.0,--,4121704.0,5974304.0,7247.00,--,274922840.00,10000000.00,--,1414865.00,518636.00,398480.0,71435.00,130484.0,321187172.0,16796775.0,1461505.00,8381508.0,-541348.0,0.00,26098440.00,--,--,0.00,26098440.0,0.0,0.0,15.54,,0.0,
2014,03,2801,彰化銀行,43243143.0,101437921.0,33311396.0,28649.00,--,23185787.0,617786.00,--,1225692725.00,46356338.0,184329877.00,--,--,80811109.0,23767817.0,11013991.00,493870.00,2475329.0,1995907.0,1778761645.0,148573373.0,456750.00,2648137.0,37977.00,4737601.0,28744361.0,343745.00,--,1414184210.00,48262373.00,--,--,694086.00,3855278.0,6595397.00,2725776.0,1661859064.0,79040404.0,--,38194147.0,-331970.0,0.00,116902581.00,--,--,--,116902581.0,0.0,0.0,14.79,,0.0,
2014,03,2809,京城銀行,14387405.0,34523633.0,2892052.0,--,230215.00,1154097.0,--,--,118684298.00,44450380.0,5944887.00,--,--,5573293.0,2602403.0,--,--,225731.0,367972.0,231036366.0,12363408.0,2647932.00,148416.0,--,30834208.0,1191483.0,589839.00,--,155277369.00,--,--,--,396.00,465750.0,71300.00,91696.0,203681797.0,12012343.0,178746.00,12926307.0,2237173.0,--,27354569.00,--,--,0.00,27354569.0,0.0,0.0,22.77,,0.0,
2014,03,2812,台中銀行,7086621.0,76845135.0,10524766.0,0.00,485815.00,7469029.0,57103.00,0.00,378440054.00,20656688.0,742194.00,140085.00,505986.00,1170210.0,3366759.0,0.00,144803.00,415380.0,1480103.0,509530731.0,7581600.0,3385857.00,83699.0,0.00,262685.0,5584804.0,128468.00,0.00,441539191.00,14400000.00,0.00,0.00,301520.00,384058.0,111021.00,501750.0,474264653.0,28515063.0,683751.00,6031036.0,36228.0,0.00,35266078.00,--,--,0.00,35266078.0,0.0,0.0,12.37,,0.0,
2014,03,2820,華票,392143.0,0.0,96357801.0,--,3030572.00,955444.0,176843.00,--,--,71140385.0,488441.00,--,--,178795.0,163839.0,--,--,114780.0,913868.0,173912911.0,11640000.0,--,3191.0,--,139176508.0,478728.0,--,--,--,--,--,--,--,1444396.0,--,97898.0,152840721.0,13429600.0,2474.00,7358216.0,281900.0,0.00,--,0.00,--,--,21072190.0,0.0,0.0,15.69,,0.0,
2014,03,2834,臺灣企銀,56707844.0,59846898.0,3646776.0,--,16513410.00,19609877.0,322557.00,--,950596442.00,14774439.0,197327589.00,--,--,3289150.0,14134843.0,--,167486.00,2052880.0,2282841.0,1341273032.0,83542060.0,0.00,304573.0,--,3876414.0,25193841.0,--,--,1103922719.00,43200000.00,--,--,15358284.00,3046824.0,882276.00,653395.0,1279980386.0,52979141.0,0.00,8322700.0,-9195.0,0.00,61292646.00,0.00,--,0.00,61292646.0,0.0,0.0,11.57,,0.0,
2014,03,2836,高銀,4236785.0,22173585.0,5916957.0,--,12688162.00,881464.0,16053.00,--,181007589.00,25428667.0,2248081.00,--,--,1440705.0,2784535.0,--,36442.00,144914.0,95314.0,259099253.0,9503852.0,--,35143.0,--,61048.0,3371372.0,2644.00,--,227545954.00,6200000.00,--,--,195470.00,898088.0,--,152776.0,247966347.0,7403514.0,1872395.00,1904503.0,-47506.0,--,11132906.00,--,--,0.00,11132906.0,0.0,0.0,15.04,,0.0,
2014,03,2838,聯邦銀行,7952063.0,71951318.0,20615042.0,--,20937594.00,14403329.0,225990.00,--,252927861.00,10915252.0,315093.00,177354.00,--,51034850.0,7724072.0,3741937.00,2048329.00,2494614.0,6474520.0,473939218.0,5876196.0,--,179077.0,--,34944258.0,4755996.0,16867.00,--,382962083.00,7400000.00,--,--,2679372.00,881073.0,558794.00,2434784.0,442688500.0,24509306.0,33006.00,5436890.0,1003834.0,0.00,30983036.00,--,--,267682.00,31250718.0,0.0,0.0,12.64,,0.0,
2014,03,2845,遠東商銀,7243272.0,74796005.0,21881152.0,56318.00,11510854.00,20546118.0,134841.00,--,333506115.00,19914633.0,4056935.00,1548604.00,--,11147507.0,2774832.0,--,1807905.00,610370.0,184517.0,511719978.0,17260122.0,--,10213716.0,5205.00,4545476.0,10743394.0,30283.00,--,406232704.00,24192844.00,--,--,1775502.00,788173.0,--,551682.0,476339101.0,28618263.0,462400.00,6658147.0,-357933.0,--,35380877.00,--,--,--,35380877.0,0.0,0.0,12.36,,0.0,
2014,03,2847,大眾銀行,4176153.0,13576907.0,33425340.0,--,2725298.00,21227825.0,192789.00,--,283870762.00,88275992.0,--,--,331100.00,13655969.0,3346460.0,--,2352151.00,2192990.0,2613078.0,471962814.0,20515864.0,--,11108816.0,4183.00,25716709.0,6862354.0,121506.00,--,337608053.00,22393831.00,--,1635380.00,8705971.00,556009.0,239582.00,1292491.0,436760749.0,25805739.0,2084635.00,4305982.0,236944.0,-362144.00,32071156.00,--,--,3130909.00,35202065.0,36411456.0,0.0,12.61,,0.0,
2014,03,2849,安泰銀行,8149855.0,68844683.0,22063238.0,--,0.00,5467688.0,188704.00,--,192389485.00,36845617.0,--,--,--,949157.0,961648.0,--,234620.00,3181456.0,1748836.0,341024987.0,11201007.0,--,10898665.0,--,4446843.0,3783326.0,4191.00,--,271241481.00,10000000.00,--,1414865.00,721706.00,403790.0,58888.00,103524.0,314278286.0,16796775.0,1461505.00,9046693.0,-558272.0,0.00,26746701.00,--,--,0.00,26746701.0,0.0,0.0,15.92,,0.0,
2014,04,2801,彰化銀行,39586197.0,109277694.0,37825737.0,27629.00,--,21809314.0,581958.00,--,1259366749.00,46145608.0,183637059.00,--,--,78722662.0,23822844.0,11012440.00,473336.00,3186032.0,397708.0,1815872967.0,124155182.0,950100.00,20858363.0,--,4526694.0,29505168.0,849381.00,--,1452969285.00,48463938.00,--,--,624416.00,4034679.0,6738024.00,2956636.0,1696631866.0,79040404.0,--,39766371.0,434326.0,0.00,119241101.00,--,--,--,119241101.0,0.0,0.0,15.09,,0.0,
2014,04,2809,京城銀行,11865111.0,33095936.0,3333154.0,--,772295.00,901001.0,--,--,121560045.00,55660486.0,0.00,--,--,4524455.0,2548865.0,--,--,305307.0,720865.0,235287520.0,12863112.0,4377084.00,594167.0,--,27902026.0,1676477.0,775253.00,--,159224751.00,0.00,--,--,0.00,478222.0,81387.00,168189.0,208140668.0,12012343.0,178746.00,14065004.0,890759.0,0.00,27146852.00,--,--,0.00,27146852.0,0.0,0.0,22.6,,0.0,
2014,04,2812,台中銀行,9552955.0,82314107.0,13011606.0,0.00,1545361.00,8118751.0,1021.00,0.00,384382280.00,20711997.0,1418003.00,140282.00,341093.00,1206142.0,5103786.0,0.00,143759.00,552103.0,1479607.0,530022853.0,10697387.0,3499960.00,133360.0,0.00,273573.0,7363659.0,218945.00,0.00,455966124.00,14400000.00,0.00,0.00,340296.00,615521.0,111021.00,512056.0,494131902.0,28515063.0,683751.00,6537277.0,154860.0,0.00,35890951.00,--,--,0.00,35890951.0,0.0,0.0,12.59,,0.0,
2014,04,2820,華票,292419.0,0.0,93589437.0,--,1750739.00,1012275.0,176543.00,--,--,71347272.0,385208.00,--,--,178798.0,163367.0,--,--,108664.0,912297.0,169917019.0,12240000.0,--,153196.0,--,134133003.0,385646.0,0.00,--,--,--,--,--,--,1448181.0,6027.00,83935.0,148449988.0,13429600.0,2474.00,7647550.0,387407.0,--,--,--,--,--,21467031.0,0.0,0.0,15.98,,0.0,
2014,04,2834,臺灣企銀,64242245.0,61844444.0,2610707.0,--,5527837.00,21821960.0,235755.00,--,1001234570.00,16043539.0,194541571.00,--,--,3268115.0,14101430.0,--,150029.00,2125784.0,4642581.0,1392390567.0,80595072.0,0.00,303213.0,--,3895308.0,30556802.0,--,--,1152156998.00,41800000.00,--,--,15739260.00,3018791.0,898420.00,688786.0,1329652650.0,52979141.0,0.00,9694559.0,64217.0,0.00,62737917.00,0.00,--,0.00,62737917.0,0.0,0.0,11.84,,0.0,
2014,04,2836,高銀,4107916.0,23171136.0,10975714.0,--,13385318.00,855286.0,25981.00,--,182883017.00,26141249.0,2746339.00,--,--,1448140.0,2978502.0,--,64317.00,170903.0,69152.0,269022970.0,9519129.0,--,23237.0,--,61121.0,2872063.0,4847.00,--,236927451.00,7000000.00,--,--,178408.00,956097.0,--,149895.0,257692248.0,7403514.0,1872395.00,2038092.0,16721.0,--,11330722.00,--,--,0.00,11330722.0,0.0,0.0,15.3,,0.0,
2014,04,2838,聯邦銀行,9590048.0,67260453.0,18614020.0,--,26371487.00,14781594.0,332275.00,--,255787180.00,13974008.0,534200.00,54183.00,--,56835380.0,7732876.0,3691781.00,2050999.00,2407704.0,6463385.0,486481573.0,6748799.0,--,211084.0,--,31791276.0,5567108.0,9849.00,--,395852404.00,7400000.00,--,--,2517176.00,959941.0,707731.00,2409132.0,454174500.0,24509306.0,33006.00,6126910.0,1368900.0,--,32038122.00,--,--,268951.00,32307073.0,0.0,0.0,13.07,,0.0,
2014,04,2845,遠東商銀,8084621.0,78125478.0,25944211.0,40439.00,14385710.00,19664258.0,26785.00,--,319176466.00,30518170.0,3991084.00,1592014.00,--,14811608.0,2785884.0,--,1801534.00,826343.0,165375.0,521939980.0,11496870.0,--,11055294.0,5204.00,4391451.0,5596002.0,243366.00,--,423242417.00,25479749.00,--,--,2874070.00,762276.0,--,530549.0,485677248.0,28618263.0,462400.00,7384364.0,-202295.0,--,36262732.00,--,--,--,36262732.0,0.0,0.0,12.67,,0.0,
2014,04,2847,大眾銀行,4504378.0,13076641.0,35842270.0,--,1971409.00,23050004.0,114749.00,--,286691683.00,83129463.0,--,--,282000.00,11334246.0,3276820.0,--,2367703.00,1891206.0,5114807.0,472647379.0,18002929.0,--,12261551.0,4179.00,18794224.0,7732001.0,37650.00,--,343590852.00,23414551.00,--,1635380.00,9977688.00,607972.0,53525.00,783420.0,436895922.0,25805739.0,2095443.00,4775446.0,276037.0,-348878.00,32603787.00,--,--,3147670.00,35751457.0,34776053.0,0.0,12.81,,0.0,
2014,04,2849,安泰銀行,7567361.0,62965473.0,25436545.0,--,1029062.00,5605800.0,221936.00,--,191009208.00,33187027.0,--,--,--,1133372.0,963750.0,--,245644.00,3065512.0,2645762.0,335076452.0,13278381.0,--,11087133.0,--,3180978.0,3667506.0,39072.00,--,262745653.00,10000000.00,--,1414865.00,1076019.00,413663.0,74141.00,122690.0,307100101.0,16796775.0,1461505.00,9952931.0,-234860.0,0.00,27976351.00,--,--,0.00,27976351.0,0.0,0.0,16.66,,0.0,
2015,01,2801,彰化銀行,34996556.0,95028137.00,38626767.0,41066.00,--,18831522.0,594600.00,--,1309312593.00,57660457.0,188565148.00,--,--,46137873.0,23768046.0,11010889.00,451682.00,2959909.0,840211.0,1828825456.0,133143208.0,938700.00,21113261.0,--,5673942.0,24530071.0,1029712.00,--,1457412374.00,48418988.00,--,--,516617.00,4007180.0,6728489.00,3293800.0,1706806342.0,79040404.0,--,42648428.0,330282.0,0.00,122019114.00,--,--,--,122019114.0,0.0,0.0,15.44,,0.00,
2015,01,2809,京城銀行,11651501.0,31560800.00,3452788.0,--,2181994.00,1042853.0,--,--,122761636.00,58240397.0,0.00,--,--,3983294.0,2543132.0,--,--,255240.0,635564.0,238309199.0,17662885.0,2355075.00,304403.0,--,24132968.0,1440188.0,893031.00,--,161886627.00,0.00,--,--,0.00,463179.0,65821.00,170551.0,209374728.0,12012343.0,178746.00,15211294.0,1532088.0,0.00,28934471.00,0.00,--,0.00,28934471.0,0.0,0.0,24.09,,0.00,
2015,01,2812,台中銀行,8542583.0,79476845.00,22068923.0,0.00,3449995.00,7801254.0,1086.00,0.00,376793452.00,21244207.0,3170800.00,140516.00,561424.00,1188807.0,9159693.0,0.00,147844.00,571635.0,1560180.0,535879244.0,16692518.0,3719686.00,190039.0,0.00,964045.0,4605291.0,368062.00,0.00,456376603.00,14400000.00,0.00,0.00,340418.00,780547.0,111021.00,572490.0,499120720.0,28515063.0,683751.00,7427151.0,132559.0,0.00,36758524.00,--,--,0.00,36758524.0,0.0,0.0,12.89,,0.00,
2015,01,2820,華票,325181.0,--,104325811.0,--,4050163.00,1630067.0,156756.00,--,--,71864096.0,368651.00,--,--,178798.0,161882.0,--,--,113195.0,889070.0,184063670.0,17125604.0,--,6373.0,--,142920939.0,526221.0,0.00,--,--,--,--,--,--,1448181.0,6764.00,117911.0,162151993.0,13429600.0,2474.00,8029570.0,450033.0,--,--,--,--,--,21911677.0,0.0,0.0,16.32,,0.00,
2015,01,2834,臺灣企銀,55894507.0,60681338.00,3564539.0,--,169895.00,16241996.0,197345.00,--,1027123192.00,16233429.0,194467232.00,--,--,3286793.0,14061740.0,--,136182.00,1992807.0,2050301.0,1396101296.0,90788626.0,0.00,256627.0,--,4460823.0,19704589.0,--,--,1155265409.00,41800000.00,--,--,15269067.00,2985597.0,886378.00,748500.0,1332165616.0,52979141.0,0.00,11036801.0,-80262.0,0.00,63935680.00,0.00,--,0.00,63935680.0,0.0,0.0,12.07,,0.00,
2015,01,2836,高銀,3157572.0,21444918.00,10356258.0,--,14645818.00,998337.0,25924.00,--,178950161.00,28871933.0,3236411.00,--,--,1834187.0,2979033.0,--,78871.00,190375.0,122593.0,266892391.0,8921485.0,--,11060.0,--,58182.0,2928357.0,24010.00,--,235157062.00,7000000.00,--,--,178046.00,975192.0,--,141227.0,255394621.0,7403514.0,1872395.00,2194553.0,27308.0,0.00,11497770.00,--,--,0.00,11497770.0,0.0,0.0,15.53,,0.00,
2015,01,2838,聯邦銀行,8142047.0,63531436.00,18849111.0,--,18982830.00,14161097.0,332359.00,--,271379325.00,14977548.0,1030610.00,54027.00,--,57865118.0,7750832.0,3674285.00,2049277.00,2318938.0,6852636.0,491951476.0,5472844.0,--,256152.0,--,31785414.0,3940990.0,17990.00,--,402780663.00,7400000.00,574631.00,--,2472999.00,967223.0,699500.00,2411543.0,458779949.0,24509306.0,33006.00,6853503.0,1502914.0,--,32898729.00,--,--,272798.00,33171527.0,0.0,0.0,13.42,,0.00,
2015,01,2845,遠東商銀,6536460.0,72846259.00,23788603.0,26064.00,15907850.00,18896122.0,27156.00,--,333835271.00,38967398.0,3303232.00,1618152.00,--,15040496.0,2804603.0,--,1795163.00,800440.0,206541.0,536399810.0,14328786.0,--,11402974.0,5003.00,8502194.0,5839576.0,325510.00,--,429298138.00,25445647.00,--,--,2576629.00,991498.0,--,498704.0,499214659.0,28618263.0,462400.00,8276912.0,-172424.0,--,37185151.00,--,--,--,37185151.0,0.0,0.0,12.99,,--,
2015,01,2847,大眾銀行,3653127.0,13097373.00,35674475.0,--,762012.00,25251770.0,90677.00,--,278952532.00,82441030.0,--,--,212000.00,6664436.0,3131549.0,--,2351621.00,1813994.0,5730886.0,459827482.0,16776195.0,--,13613596.0,3859.00,9278406.0,6246960.0,58342.00,--,337004087.00,25374940.00,--,1635380.00,11038315.00,611840.0,77510.00,1294629.0,423014059.0,25805739.0,2110664.00,5444178.0,303238.0,-32343.00,33631476.00,--,--,3181947.00,36813423.0,3985641.0,0.0,13.05,,--,
2015,01,2849,安泰銀行,5591153.0,58969857.00,25565901.0,--,448588.00,6694385.0,202524.00,--,191861105.00,36571603.0,--,--,--,1316266.0,970855.0,--,238173.00,2989682.0,3213925.0,334634017.0,13199557.0,--,11665023.0,--,5282481.0,3851778.0,0.00,--,258651583.00,10000000.00,--,1414865.00,1236297.00,426896.0,45134.00,167040.0,305940654.0,16796775.0,1461505.00,10557266.0,-122183.0,0.00,28693363.00,--,--,0.00,28693363.0,0.0,0.0,17.08,,0.00,
2015,02,2801,彰化銀行,38861339.0,102702321.0,40280660.0,26317.00,--,20162581.0,259652.00,--,1287286985.00,67902797.0,194204103.00,--,--,46128658.0,23018788.0,11674723.00,459250.00,2653229.0,512765.0,1836134168.0,116953775.0,1020195.00,19243196.0,0.00,5675536.0,26279802.0,432541.00,--,1485055689.00,43347070.00,--,--,1043434.00,3957629.0,6690649.00,2851032.0,1712550548.0,84573232.0,--,38589533.0,420855.0,0.00,123583620.00,--,--,--,123583620.0,0.0,0.0,15.64,,0.00,
2015,02,2809,京城銀行,11201088.0,31347249.0,4587856.0,--,2485514.00,1005727.0,--,--,124787384.00,58899602.0,0.00,--,--,3934062.0,2544605.0,--,--,258738.0,705059.0,241756884.0,20549641.0,3573050.00,258929.0,--,21160434.0,3198727.0,459120.00,--,163361501.00,--,--,--,0.00,465686.0,71927.00,290791.0,213389806.0,12012343.0,178746.00,14651609.0,1524380.0,--,28367078.00,--,--,0.00,28367078.0,0.0,0.0,23.61,,0.00,
2015,02,2812,台中銀行,8605431.0,81276558.0,22846638.0,0.00,4279554.00,7096057.0,1164.00,0.00,381978165.00,19765587.0,3943896.00,139702.00,362992.00,1021051.0,9164576.0,0.00,156769.00,537698.0,1483754.0,542659592.0,15863765.0,3806220.00,296517.0,0.00,1022713.0,4961436.0,263115.00,0.00,463257911.00,14400000.00,0.00,0.00,304733.00,785826.0,111021.00,523927.0,505597184.0,30340027.0,683751.00,5893227.0,145403.0,0.00,37062408.00,--,--,0.00,37062408.0,0.0,0.0,13.0,,0.00,
2015,02,2820,華票,302998.0,0.0,111571505.0,--,2750996.00,1215856.0,90517.00,--,--,74092170.0,119596.00,--,--,178802.0,161053.0,--,--,106720.0,885966.0,191476179.0,14120000.0,--,2264.0,--,152448536.0,2019403.0,23998.00,--,--,--,--,--,--,1448181.0,8766.00,83962.0,170155110.0,13429600.0,2474.00,7474726.0,414269.0,0.00,--,0.00,--,--,21321069.0,0.0,0.0,15.88,,0.00,
2015,02,2834,臺灣企銀,52033756.0,75850559.0,3091843.0,--,60055.00,23508123.0,141143.00,--,1003951513.00,18039181.0,194574944.00,306130.00,--,3278131.0,14051492.0,--,123680.00,1748084.0,2314515.0,1393073149.0,77658004.0,0.00,219633.0,--,4772859.0,26795807.0,--,--,1157071440.00,41600000.00,--,--,15247857.00,2997033.0,883359.00,786015.0,1328032007.0,56846618.0,0.00,8369979.0,-175455.0,0.00,65041142.00,0.00,--,0.00,65041142.0,0.0,0.0,12.28,,0.00,
2015,02,2836,高銀,3111857.0,19257404.0,6514526.0,--,11609697.00,992602.0,23593.00,--,177410007.00,29786473.0,7808142.00,--,--,1918201.0,2969675.0,--,76155.00,201641.0,98343.0,261778316.0,8959601.0,--,1288.0,--,46627.0,2560225.0,37517.00,--,230239394.00,7000000.00,--,--,176400.00,976824.0,--,133028.0,250130904.0,7788659.0,1872395.00,1964989.0,21369.0,--,11647412.00,--,--,0.00,11647412.0,0.0,0.0,15.73,,0.00,
2015,02,2838,聯邦銀行,8489762.0,65312825.0,23602623.0,--,24865797.00,15163297.0,305494.00,--,268098306.00,16768273.0,1780015.00,53987.00,--,59101544.0,7738019.0,3643655.00,2154895.00,2186127.0,7079873.0,506344492.0,9395437.0,--,78521.0,--,32777630.0,4253149.0,19619.00,--,409625311.00,9600000.00,559132.00,--,2704692.00,980000.0,677315.00,2526128.0,473196934.0,26049374.0,33006.00,5377790.0,1438092.0,--,32898262.00,--,--,249296.00,33147558.0,0.0,0.0,13.42,,--,
2015,02,2845,遠東商銀,7006998.0,77987793.0,21402372.0,11516.00,14909686.00,22916493.0,4919.00,--,332036824.00,41106387.0,3266077.00,1579459.00,--,10833001.0,2839709.0,--,1788792.00,734266.0,155124.0,538579416.0,14667624.0,--,9232991.0,4512.00,12188813.0,7179143.0,221974.00,--,430446223.00,23007531.00,--,--,2977176.00,984688.0,--,521207.0,501431882.0,30332430.0,459918.00,6566900.0,-211714.0,--,37147534.00,--,--,--,37147534.0,0.0,0.0,12.98,,--,
2015,02,2847,大眾銀行,4256521.0,14918632.0,34506501.0,--,1084933.00,25121478.0,108883.00,--,268823025.00,79241282.0,--,--,212000.00,2042166.0,3318888.0,--,2321301.00,1687000.0,3895801.0,441538411.0,11004443.0,--,12107448.0,3345.00,4726644.0,5893696.0,61956.00,--,331452663.00,25313863.00,--,1635380.00,10561720.00,645614.0,80741.00,489028.0,403976541.0,27890786.0,2120612.00,4247935.0,218413.0,-19384.00,34458362.00,--,--,3103508.00,37561870.0,2388595.0,0.0,13.37,,0.00,
2015,02,2849,安泰銀行,5775456.0,56090042.0,20366916.0,--,548514.00,6764765.0,266696.00,--,190937534.00,38351872.0,465900.00,--,--,490353.0,956644.0,--,228830.00,2843816.0,3233577.0,327320915.0,7307934.0,--,6140824.0,--,8809538.0,4231827.0,219854.00,--,258743151.00,10000000.00,--,1414865.00,1530822.00,414234.0,42623.00,135717.0,298991389.0,16796775.0,1461505.00,10284264.0,-213018.0,0.00,28329526.00,--,--,0.00,28329526.0,0.0,0.0,16.87,,0.00,
2015,03,2801,彰化銀行,50393221.0,111940677.00,54497689.0,128501.00,--,19658172.0,275599.00,--,1327288065.00,62337960.0,199922565.00,--,--,40550937.0,22291966.0,12537514.00,438274.00,2798930.0,496616.0,1905556686.0,145131360.0,2735680.00,24104941.0,0.00,4288651.0,41054892.0,217381.00,--,1501579110.00,43663946.00,--,--,918627.00,3987007.0,7070374.00,3564938.0,1778316907.0,84573232.0,--,41851096.0,815451.0,0.00,127239779.00,--,--,--,127239779.0,0.0,0.0,15.04,,0.00,
2015,03,2809,京城銀行,8923203.0,30978571.00,3452336.0,--,4800465.00,1414059.0,--,--,123839787.00,56889117.0,0.00,--,--,4139146.0,2493764.0,--,--,223488.0,353181.0,237507117.0,19339188.0,4771432.00,109308.0,--,18657842.0,2119974.0,209913.00,--,164009632.00,--,--,--,0.00,451933.0,61508.00,242782.0,209973512.0,12012343.0,178746.00,15149710.0,662983.0,-470177.00,27533605.00,--,--,0.00,27533605.0,20129000.0,0.0,23.31,,0.00,
2015,03,2812,台中銀行,13626603.0,87081049.00,35619789.0,0.00,4826992.00,6579485.0,31703.00,0.00,383411849.00,21750877.0,5261031.00,137164.00,407724.00,1111788.0,9190907.0,0.00,164472.00,526473.0,1615377.0,571343283.0,12023286.0,3114762.00,209769.0,0.00,1073459.0,10285364.0,127123.00,0.00,490279791.00,14400000.00,0.00,0.00,273161.00,787812.0,111021.00,693243.0,533378791.0,30340027.0,683751.00,6675805.0,264909.0,0.00,37964492.00,--,--,0.00,37964492.0,0.0,0.0,12.51,,0.00,
2015,03,2820,華票,371611.0,--,112858077.0,--,550676.00,1550966.0,173188.00,--,--,80597942.0,120105.00,--,--,178802.0,159069.0,--,--,114465.0,880053.0,197554954.0,15530000.0,--,2717.0,--,157546520.0,1032795.0,--,--,--,--,--,--,--,1449681.0,11482.00,123851.0,175697046.0,13429600.0,2474.00,7874587.0,551247.0,0.00,--,0.00,--,--,21857908.0,0.0,0.0,16.28,,0.00,
2015,03,2834,臺灣企銀,64832935.0,90386432.00,2705505.0,--,14863861.00,17636154.0,103166.00,--,1010074639.00,21288110.0,193629892.00,--,--,2106539.0,14062749.0,--,118373.00,1508946.0,3130039.0,1436447340.0,96621944.0,0.00,389857.0,--,4854455.0,33214036.0,--,--,1170790758.00,45600000.00,--,--,13728999.00,3010888.0,905304.00,771835.0,1369888076.0,56846618.0,0.00,9632552.0,80094.0,0.00,66559264.00,0.00,--,0.00,66559264.0,0.0,0.0,11.71,,0.00,
2015,03,2836,高銀,3118709.0,14595561.00,4927364.0,--,14934224.00,955283.0,23593.00,--,177337347.00,34939049.0,10070162.00,--,--,1947548.0,2957826.0,--,72488.00,210111.0,147063.0,266236328.0,10591873.0,--,20161.0,--,692974.0,3701709.0,52866.00,--,231072875.00,7000000.00,--,--,175716.00,989437.0,--,133704.0,254431315.0,7788659.0,1872395.00,2125579.0,18380.0,--,11805013.00,--,--,0.00,11805013.0,0.0,0.0,15.16,,0.00,
2015,03,2838,聯邦銀行,10987447.0,67505037.00,11878963.0,--,19401017.00,14895594.0,343933.00,--,275518412.00,22737529.0,2689847.00,53930.00,--,61424182.0,7726942.0,3714068.00,2148498.00,2077635.0,7261186.0,510364220.0,4402124.0,--,69383.0,--,30689773.0,8050169.0,37043.00,--,415512715.00,9600000.00,607246.00,--,2686527.00,981087.0,849322.00,2615325.0,476100714.0,26051524.0,30856.00,6260229.0,1670050.0,--,34012659.00,--,--,250847.00,34263506.0,0.0,0.0,13.06,,--,
2015,03,2845,遠東商銀,7113571.0,73599508.00,30032491.0,0.00,5456936.00,20843165.0,334.00,--,342738811.00,39549500.0,3125381.00,1620691.00,--,14148993.0,2948950.0,--,1782422.00,620231.0,165752.0,543746736.0,18478418.0,--,10647144.0,0.00,4565997.0,8243339.0,266931.00,--,438089128.00,20306123.00,--,--,3194604.00,969811.0,--,764411.0,505525906.0,30332430.0,459918.00,7624403.0,-195921.0,--,38220830.00,--,--,--,38220830.0,0.0,0.0,12.6,,--,
2015,03,2847,大眾銀行,9137884.0,11109964.00,45139791.0,--,1187626.00,24403958.0,72814.00,--,269654771.00,79060219.0,--,--,212000.00,2084923.0,3321392.0,--,2296558.00,1543614.0,10634977.0,459860491.0,19802424.0,--,17997291.0,3166.00,5342411.0,7352577.0,97186.00,--,332571574.00,26001539.00,--,1635380.00,10676511.00,656591.0,61832.00,452241.0,422650723.0,27890786.0,2126390.00,3942191.0,190207.0,-17403.00,34132171.00,--,--,3077597.00,37209768.0,2316065.0,0.0,12.25,,--,
2015,03,2849,安泰銀行,6115855.0,52500710.00,24689095.0,--,748556.00,7116787.0,291381.00,6999.00,186344161.00,43892303.0,894240.00,--,--,673948.0,949604.0,--,228358.00,2768589.0,5943801.0,333164387.0,16855853.0,--,8556425.0,--,9416860.0,3889322.0,228600.00,--,250597931.00,10000000.00,--,1414865.00,2014212.00,429011.0,64237.00,233807.0,303701123.0,16796775.0,1461505.00,11079609.0,125375.0,0.00,29463264.00,--,--,0.00,29463264.0,0.0,0.0,17.54,,0.00,
2015,04,2801,彰化銀行,31225679.0,146654212.00,43518615.0,192521.00,--,19729443.0,55436.00,--,1321934363.00,67415202.0,205777255.0,--,--,31748420.0,22253008.0,12536509.00,500710.00,2367489.0,348357.0,1906257219.0,124025228.0,3879840.00,22732139.0,--,4612047.0,23164932.0,146692.00,--,1547739711.00,35176580.00,--,--,1075196.00,4371316.0,6644859.0,3213720.0,1776782260.0,84573232.0,--,43926296.0,975431.0,0.00,129474959.00,--,--,--,129474959.0,0.0,0.0,15.31,,0.0,
2015,04,2809,京城銀行,8885252.0,29956001.00,4722217.0,--,3287166.00,1289518.0,--,--,123642946.00,58310324.0,0.0,--,--,4227015.0,2494436.0,--,--,216709.0,522006.0,237553590.0,17160139.0,3835656.00,26986.0,--,16431429.0,1156928.0,268041.00,--,169383517.00,0.00,--,--,0.00,471814.0,73721.0,290250.0,209098481.0,12012343.0,180332.00,15916232.0,1319176.0,-972974.00,28455109.00,--,--,0.00,28455109.0,40957000.0,0.0,24.52,,0.0,
2015,04,2820,華票,294198.0,--,116358172.0,--,4100000.00,1221950.0,155041.00,--,--,83810345.0,0.0,--,--,178805.0,157921.0,--,--,113228.0,1192495.0,207582155.0,11010000.0,--,7284.0,--,171238096.0,1381783.0,--,--,--,--,--,--,--,1469907.0,13970.0,75778.0,185196818.0,13429600.0,2474.00,8277678.0,675585.0,--,--,--,--,--,22385337.0,0.0,0.0,16.67,,0.0,
